WaferID,DMT_X_mm,DMT_Y_mm,TFK_X_mm,TFK_Y_mm,DMT_Thickness,TFK_Thickness,Distance_mm,Thickness_Delta,DMT_File,TFK_File
AANBD203TEG3,0.0,0.0,0.0067,-3.6622,8635.034,8620.230469,3.6622061288245367,14.803530999999566,2026-03-26T10.25.24.6087352-LCTW01516-8374-DMT115-TTB134-DMTDUMMY.xml,2026-03-26T09.22.48.2544075-LCTW01516-8374-TFK658-TTB134-MFG7152C19DTFK.xml
AANBD203TEG3,18.0,18.0,19.3019,19.3019,8621.397,8608.639648,1.8411646368535322,12.757352000000537,2026-03-26T10.25.24.6087352-LCTW01516-8374-DMT115-TTB134-DMTDUMMY.xml,2026-03-26T09.22.48.2544075-LCTW01516-8374-TFK658-TTB134-MFG7152C19DTFK.xml
AANBD203TEG3,18.0,-21.0,19.3019,-19.3019,8621.974,8609.280273,2.1397399888771536,12.693726999999853,2026-03-26T10.25.24.6087352-LCTW01516-8374-DMT115-TTB134-DMTDUMMY.xml,2026-03-26T09.22.48.2544075-LCTW01516-8374-TFK658-TTB134-MFG7152C19DTFK.xml
AANBD203TEG3,-48.0,-36.0,-47.4578,-36.4348,8613.661,8599.740234,0.6950049496226653,13.920765999999276,2026-03-26T10.25.24.6087352-LCTW01516-8374-DMT115-TTB134-DMTDUMMY.xml,2026-03-26T09.22.48.2544075-LCTW01516-8374-TFK658-TTB134-MFG7152C19DTFK.xml
AANBD203TEG3,-57.0,18.0,-57.9062,19.3019,8608.806,8595.44043,1.5862351811758546,13.365569999999934,2026-03-26T10.25.24.6087352-LCTW01516-8374-DMT115-TTB134-DMTDUMMY.xml,2026-03-26T09.22.48.2544075-LCTW01516-8374-TFK658-TTB134-MFG7152C19DTFK.xml
AANBD203TEG3,-18.0,-57.0,-19.3019,-57.9062,8612.031,8599.040039,1.5862351811758546,12.990961000001334,2026-03-26T10.25.24.6087352-LCTW01516-8374-DMT115-TTB134-DMTDUMMY.xml,2026-03-26T09.22.48.2544075-LCTW01516-8374-TFK658-TTB134-MFG7152C19DTFK.xml
AANBD203TEG3,-18.0,57.0,-19.3019,57.9062,8608.219,8595.5,1.5862351811758546,12.718999999999141,2026-03-26T10.25.24.6087352-LCTW01516-8374-DMT115-TTB134-DMTDUMMY.xml,2026-03-26T09.22.48.2544075-LCTW01516-8374-TFK658-TTB134-MFG7152C19DTFK.xml
AANBD203TEG3,72.0,-3.0,71.2039,-3.6622,8592.425,8582.410156,1.035511491969062,10.014843999999357,2026-03-26T10.25.24.6087352-LCTW01516-8374-DMT115-TTB134-DMTDUMMY.xml,2026-03-26T09.22.48.2544075-LCTW01516-8374-TFK658-TTB134-MFG7152C19DTFK.xml
AANBD203TEG3,57.0,57.0,57.9062,57.9062,8585.013,8570.410156,1.2815603302224963,14.602844000000914,2026-03-26T10.25.24.6087352-LCTW01516-8374-DMT115-TTB134-DMTDUMMY.xml,2026-03-26T09.22.48.2544075-LCTW01516-8374-TFK658-TTB134-MFG7152C19DTFK.xml
AANBD203TEG3,-72.0,63.0,-71.1902,61.8829,8578.32,8565.459961,1.37974216794298,12.860038999999233,2026-03-26T10.25.24.6087352-LCTW01516-8374-DMT115-TTB134-DMTDUMMY.xml,2026-03-26T09.22.48.2544075-LCTW01516-8374-TFK658-TTB134-MFG7152C19DTFK.xml
AANBD203TEG3,18.0,-96.0,19.3019,-96.51,8579.867,8564.269531,1.398228740228152,15.597469000000274,2026-03-26T10.25.24.6087352-LCTW01516-8374-DMT115-TTB134-DMTDUMMY.xml,2026-03-26T09.22.48.2544075-LCTW01516-8374-TFK658-TTB134-MFG7152C19DTFK.xml
AANBD203TEG3,18.0,96.0,19.3019,96.51,8573.572,8559.389648,1.398228740228152,14.18235199999981,2026-03-26T10.25.24.6087352-LCTW01516-8374-DMT115-TTB134-DMTDUMMY.xml,2026-03-26T09.22.48.2544075-LCTW01516-8374-TFK658-TTB134-MFG7152C19DTFK.xml
AANBD203TEG3,96.0,18.0,96.51,19.3019,8574.542,8563.429688,1.398228740228152,11.112311999999292,2026-03-26T10.25.24.6087352-LCTW01516-8374-DMT115-TTB134-DMTDUMMY.xml,2026-03-26T09.22.48.2544075-LCTW01516-8374-TFK658-TTB134-MFG7152C19DTFK.xml
AANBD203TEG3,72.0,-69.0,71.2039,-69.2075,8575.733,8562.950195,0.8226976722952309,12.782805000000735,2026-03-26T10.25.24.6087352-LCTW01516-8374-DMT115-TTB134-DMTDUMMY.xml,2026-03-26T09.22.48.2544075-LCTW01516-8374-TFK658-TTB134-MFG7152C19DTFK.xml
AANBD203TEG3,-96.0,-57.0,-96.51,-57.9062,8567.663,8552.830078,1.0398550091238692,14.832921999999598,2026-03-26T10.25.24.6087352-LCTW01516-8374-DMT115-TTB134-DMTDUMMY.xml,2026-03-26T09.22.48.2544075-LCTW01516-8374-TFK658-TTB134-MFG7152C19DTFK.xml
AANBD203TEG3,-57.0,-96.0,-57.9062,-96.51,8565.883,8551.379883,1.0398550091238692,14.503117000000202,2026-03-26T10.25.24.6087352-LCTW01516-8374-DMT115-TTB134-DMTDUMMY.xml,2026-03-26T09.22.48.2544075-LCTW01516-8374-TFK658-TTB134-MFG7152C19DTFK.xml
AANBD203TEG3,-57.0,96.0,-57.9062,96.51,8563.421,8551.669922,1.0398550091238692,11.751078000001144,2026-03-26T10.25.24.6087352-LCTW01516-8374-DMT115-TTB134-DMTDUMMY.xml,2026-03-26T09.22.48.2544075-LCTW01516-8374-TFK658-TTB134-MFG7152C19DTFK.xml
AANBD203TEG3,96.0,63.0,94.9361,61.8829,8562.932,8550.75,1.5426586206935122,12.182000000000698,2026-03-26T10.25.24.6087352-LCTW01516-8374-DMT115-TTB134-DMTDUMMY.xml,2026-03-26T09.22.48.2544075-LCTW01516-8374-TFK658-TTB134-MFG7152C19DTFK.xml
AANBD203TEG3,-120.0,-3.0,-118.655,-3.6622,8560.789,8547.700195,1.4991777212859043,13.08880500000123,2026-03-26T10.25.24.6087352-LCTW01516-8374-DMT115-TTB134-DMTDUMMY.xml,2026-03-26T09.22.48.2544075-LCTW01516-8374-TFK658-TTB134-MFG7152C19DTFK.xml
AANBD203TEG3,0.0,126.0,0.0067,127.428,8557.808,8541.75,1.4280157177006112,16.058000000000902,2026-03-26T10.25.24.6087352-LCTW01516-8374-DMT115-TTB134-DMTDUMMY.xml,2026-03-26T09.22.48.2544075-LCTW01516-8374-TFK658-TTB134-MFG7152C19DTFK.xml
AANBD203TEG3,0.0,-135.0,0.0067,-134.7529999,8557.783,8544.349609,0.24709095369926845,13.433390999998664,2026-03-26T10.25.24.6087352-LCTW01516-8374-DMT115-TTB134-DMTDUMMY.xml,2026-03-26T09.22.48.2544075-LCTW01516-8374-TFK658-TTB134-MFG7152C19DTFK.xml
AANBD203TEG3,-96.0,96.0,-96.51,96.51,8560.154,8545.089844,0.7212489168102857,15.064156000000366,2026-03-26T10.25.24.6087352-LCTW01516-8374-DMT115-TTB134-DMTDUMMY.xml,2026-03-26T09.22.48.2544075-LCTW01516-8374-TFK658-TTB134-MFG7152C19DTFK.xml
AANBD203TEG3,96.0,-96.0,96.51,-96.51,8559.312,8546.719727,0.7212489168102857,12.592273000000205,2026-03-26T10.25.24.6087352-LCTW01516-8374-DMT115-TTB134-DMTDUMMY.xml,2026-03-26T09.22.48.2544075-LCTW01516-8374-TFK658-TTB134-MFG7152C19DTFK.xml
AANBD203TEG3,135.0,18.0,136.2,19.3019,8555.385,8538.839844,1.7705771968485227,16.545156000000134,2026-03-26T10.25.24.6087352-LCTW01516-8374-DMT115-TTB134-DMTDUMMY.xml,2026-03-26T09.22.48.2544075-LCTW01516-8374-TFK658-TTB134-MFG7152C19DTFK.xml
AANBD203TEG3,72.0,126.0,71.2039,127.428,8558.619,8550.5,1.6349187166339447,8.119000000000597,2026-03-26T10.25.24.6087352-LCTW01516-8374-DMT115-TTB134-DMTDUMMY.xml,2026-03-26T09.22.48.2544075-LCTW01516-8374-TFK658-TTB134-MFG7152C19DTFK.xml
AANBD203TEG3,141.0,-36.0,142.401,-36.4348,8567.745,8568.400391,1.466919234313884,-0.6553909999984171,2026-03-26T10.25.24.6087352-LCTW01516-8374-DMT115-TTB134-DMTDUMMY.xml,2026-03-26T09.22.48.2544075-LCTW01516-8374-TFK658-TTB134-MFG7152C19DTFK.xml
AANBD203TEG3,-135.0,-57.0,-136.2,-57.9062,8613.416,8626.169922,1.503728180224062,-12.753921999999875,2026-03-26T10.25.24.6087352-LCTW01516-8374-DMT115-TTB134-DMTDUMMY.xml,2026-03-26T09.22.48.2544075-LCTW01516-8374-TFK658-TTB134-MFG7152C19DTFK.xml
AANBD203TEG3,-135.0,57.0,-136.2,57.9062,8614.298,8626.19043,1.503728180224062,-11.892429999999877,2026-03-26T10.25.24.6087352-LCTW01516-8374-DMT115-TTB134-DMTDUMMY.xml,2026-03-26T09.22.48.2544075-LCTW01516-8374-TFK658-TTB134-MFG7152C19DTFK.xml
AANBD203TEG3,-57.0,-135.0,-57.9062,-136.2,8621.705,8631.099609,1.503728180224062,-9.394609000000855,2026-03-26T10.25.24.6087352-LCTW01516-8374-DMT115-TTB134-DMTDUMMY.xml,2026-03-26T09.22.48.2544075-LCTW01516-8374-TFK658-TTB134-MFG7152C19DTFK.xml
AANBD203TEG3,-57.0,135.0,-57.9062,136.2,8608.384,8614.700195,1.503728180224062,-6.316194999999425,2026-03-26T10.25.24.6087352-LCTW01516-8374-DMT115-TTB134-DMTDUMMY.xml,2026-03-26T09.22.48.2544075-LCTW01516-8374-TFK658-TTB134-MFG7152C19DTFK.xml
AANBD203TEG3,57.0,-135.0,57.9062,-136.2,8620.84,8624.139648,1.503728180224062,-3.299648000000161,2026-03-26T10.25.24.6087352-LCTW01516-8374-DMT115-TTB134-DMTDUMMY.xml,2026-03-26T09.22.48.2544075-LCTW01516-8374-TFK658-TTB134-MFG7152C19DTFK.xml
AANBD067TEA4,0.0,0.0,0.0067,-3.6622,8659.185,8649.450195,3.6622061288245367,9.734805000000051,2026-04-02T17.39.33.0171905-J427T7V0-8374-DMT101-TTG625-DMTDUMMY.xml,2026-04-02T17.20.12.1373151-J427T7V0-8374-TFK658-TTG625-MFG7152C19DTFK.xml
AANBD067TEA4,18.0,18.0,19.3019,19.3019,8655.135,8645.0,1.8411646368535322,10.135000000000218,2026-04-02T17.39.33.0171905-J427T7V0-8374-DMT101-TTG625-DMTDUMMY.xml,2026-04-02T17.20.12.1373151-J427T7V0-8374-TFK658-TTG625-MFG7152C19DTFK.xml
AANBD067TEA4,18.0,-21.0,19.3019,-19.3019,8653.763,8645.230469,2.1397399888771536,8.532531000000745,2026-04-02T17.39.33.0171905-J427T7V0-8374-DMT101-TTG625-DMTDUMMY.xml,2026-04-02T17.20.12.1373151-J427T7V0-8374-TFK658-TTG625-MFG7152C19DTFK.xml
AANBD067TEA4,-48.0,-36.0,-47.4578,-36.4348,8650.501,8644.44043,0.6950049496226653,6.060569999999643,2026-04-02T17.39.33.0171905-J427T7V0-8374-DMT101-TTG625-DMTDUMMY.xml,2026-04-02T17.20.12.1373151-J427T7V0-8374-TFK658-TTG625-MFG7152C19DTFK.xml
AANBD067TEA4,-57.0,18.0,-57.9062,19.3019,8651.891,8641.709961,1.5862351811758546,10.181038999999146,2026-04-02T17.39.33.0171905-J427T7V0-8374-DMT101-TTG625-DMTDUMMY.xml,2026-04-02T17.20.12.1373151-J427T7V0-8374-TFK658-TTG625-MFG7152C19DTFK.xml
AANBD067TEA4,-18.0,-57.0,-19.3019,-57.9062,8649.92,8643.299805,1.5862351811758546,6.620194999999512,2026-04-02T17.39.33.0171905-J427T7V0-8374-DMT101-TTG625-DMTDUMMY.xml,2026-04-02T17.20.12.1373151-J427T7V0-8374-TFK658-TTG625-MFG7152C19DTFK.xml
AANBD067TEA4,-18.0,57.0,-19.3019,57.9062,8651.61,8643.379883,1.5862351811758546,8.230117000000973,2026-04-02T17.39.33.0171905-J427T7V0-8374-DMT101-TTG625-DMTDUMMY.xml,2026-04-02T17.20.12.1373151-J427T7V0-8374-TFK658-TTG625-MFG7152C19DTFK.xml
AANBD067TEA4,72.0,-3.0,71.2039,-3.6622,8631.938,8629.519531,1.035511491969062,2.4184690000001865,2026-04-02T17.39.33.0171905-J427T7V0-8374-DMT101-TTG625-DMTDUMMY.xml,2026-04-02T17.20.12.1373151-J427T7V0-8374-TFK658-TTG625-MFG7152C19DTFK.xml
AANBD067TEA4,57.0,57.0,57.9062,57.9062,8627.901,8620.450195,1.2815603302224963,7.4508050000004005,2026-04-02T17.39.33.0171905-J427T7V0-8374-DMT101-TTG625-DMTDUMMY.xml,2026-04-02T17.20.12.1373151-J427T7V0-8374-TFK658-TTG625-MFG7152C19DTFK.xml
AANBD067TEA4,-72.0,63.0,-71.1902,61.8829,8613.703,8606.610352,1.37974216794298,7.092647999999826,2026-04-02T17.39.33.0171905-J427T7V0-8374-DMT101-TTG625-DMTDUMMY.xml,2026-04-02T17.20.12.1373151-J427T7V0-8374-TFK658-TTG625-MFG7152C19DTFK.xml
AANBD067TEA4,18.0,-96.0,19.3019,-96.51,8613.842,8606.490234,1.398228740228152,7.35176599999977,2026-04-02T17.39.33.0171905-J427T7V0-8374-DMT101-TTG625-DMTDUMMY.xml,2026-04-02T17.20.12.1373151-J427T7V0-8374-TFK658-TTG625-MFG7152C19DTFK.xml
AANBD067TEA4,18.0,96.0,19.3019,96.51,8616.296,8609.209961,1.398228740228152,7.086038999999801,2026-04-02T17.39.33.0171905-J427T7V0-8374-DMT101-TTG625-DMTDUMMY.xml,2026-04-02T17.20.12.1373151-J427T7V0-8374-TFK658-TTG625-MFG7152C19DTFK.xml
AANBD067TEA4,96.0,18.0,96.51,19.3019,8615.084,8604.860352,1.398228740228152,10.223648000001049,2026-04-02T17.39.33.0171905-J427T7V0-8374-DMT101-TTG625-DMTDUMMY.xml,2026-04-02T17.20.12.1373151-J427T7V0-8374-TFK658-TTG625-MFG7152C19DTFK.xml
AANBD067TEA4,72.0,-69.0,71.2039,-69.2075,8616.113,8605.620117,0.8226976722952309,10.492882999998983,2026-04-02T17.39.33.0171905-J427T7V0-8374-DMT101-TTG625-DMTDUMMY.xml,2026-04-02T17.20.12.1373151-J427T7V0-8374-TFK658-TTG625-MFG7152C19DTFK.xml
AANBD067TEA4,-96.0,-57.0,-96.51,-57.9062,8600.625,8592.839844,1.0398550091238692,7.785155999999915,2026-04-02T17.39.33.0171905-J427T7V0-8374-DMT101-TTG625-DMTDUMMY.xml,2026-04-02T17.20.12.1373151-J427T7V0-8374-TFK658-TTG625-MFG7152C19DTFK.xml
AANBD067TEA4,-57.0,-96.0,-57.9062,-96.51,8600.43,8591.379883,1.0398550091238692,9.050117000000682,2026-04-02T17.39.33.0171905-J427T7V0-8374-DMT101-TTG625-DMTDUMMY.xml,2026-04-02T17.20.12.1373151-J427T7V0-8374-TFK658-TTG625-MFG7152C19DTFK.xml
AANBD067TEA4,-57.0,96.0,-57.9062,96.51,8602.014,8593.009766,1.0398550091238692,9.004233999999997,2026-04-02T17.39.33.0171905-J427T7V0-8374-DMT101-TTG625-DMTDUMMY.xml,2026-04-02T17.20.12.1373151-J427T7V0-8374-TFK658-TTG625-MFG7152C19DTFK.xml
AANBD067TEA4,96.0,63.0,94.9361,61.8829,8602.336,8597.330078,1.5426586206935122,5.005921999998463,2026-04-02T17.39.33.0171905-J427T7V0-8374-DMT101-TTG625-DMTDUMMY.xml,2026-04-02T17.20.12.1373151-J427T7V0-8374-TFK658-TTG625-MFG7152C19DTFK.xml
AANBD067TEA4,-120.0,-3.0,-118.655,-3.6622,8594.083,8587.650391,1.4991777212859043,6.432609000001321,2026-04-02T17.39.33.0171905-J427T7V0-8374-DMT101-TTG625-DMTDUMMY.xml,2026-04-02T17.20.12.1373151-J427T7V0-8374-TFK658-TTG625-MFG7152C19DTFK.xml
AANBD067TEA4,0.0,126.0,0.0067,127.428,8599.432,8590.959961,1.4280157177006112,8.472039000000223,2026-04-02T17.39.33.0171905-J427T7V0-8374-DMT101-TTG625-DMTDUMMY.xml,2026-04-02T17.20.12.1373151-J427T7V0-8374-TFK658-TTG625-MFG7152C19DTFK.xml
AANBD067TEA4,0.0,-135.0,0.0067,-134.7529999,8596.149,8591.349609,0.24709095369926845,4.79939099999865,2026-04-02T17.39.33.0171905-J427T7V0-8374-DMT101-TTG625-DMTDUMMY.xml,2026-04-02T17.20.12.1373151-J427T7V0-8374-TFK658-TTG625-MFG7152C19DTFK.xml
AANBD067TEA4,-96.0,96.0,-96.51,96.51,8593.494,8584.0,0.7212489168102857,9.494000000000597,2026-04-02T17.39.33.0171905-J427T7V0-8374-DMT101-TTG625-DMTDUMMY.xml,2026-04-02T17.20.12.1373151-J427T7V0-8374-TFK658-TTG625-MFG7152C19DTFK.xml
AANBD067TEA4,96.0,-96.0,96.51,-96.51,8601.415,8593.599609,0.7212489168102857,7.815391000000091,2026-04-02T17.39.33.0171905-J427T7V0-8374-DMT101-TTG625-DMTDUMMY.xml,2026-04-02T17.20.12.1373151-J427T7V0-8374-TFK658-TTG625-MFG7152C19DTFK.xml
AANBD067TEA4,135.0,18.0,136.2,19.3019,8597.159,8590.44043,1.7705771968485227,6.71856999999909,2026-04-02T17.39.33.0171905-J427T7V0-8374-DMT101-TTG625-DMTDUMMY.xml,2026-04-02T17.20.12.1373151-J427T7V0-8374-TFK658-TTG625-MFG7152C19DTFK.xml
AANBD067TEA4,72.0,126.0,71.2039,127.428,8605.934,8604.459961,1.6349187166339447,1.474038999998811,2026-04-02T17.39.33.0171905-J427T7V0-8374-DMT101-TTG625-DMTDUMMY.xml,2026-04-02T17.20.12.1373151-J427T7V0-8374-TFK658-TTG625-MFG7152C19DTFK.xml
AANBD067TEA4,141.0,-36.0,142.401,-36.4348,8607.465,8614.450195,1.466919234313884,-6.985194999999294,2026-04-02T17.39.33.0171905-J427T7V0-8374-DMT101-TTG625-DMTDUMMY.xml,2026-04-02T17.20.12.1373151-J427T7V0-8374-TFK658-TTG625-MFG7152C19DTFK.xml
AANBD067TEA4,-135.0,-57.0,-136.2,-57.9062,8645.814,8651.889648,1.503728180224062,-6.075648000000001,2026-04-02T17.39.33.0171905-J427T7V0-8374-DMT101-TTG625-DMTDUMMY.xml,2026-04-02T17.20.12.1373151-J427T7V0-8374-TFK658-TTG625-MFG7152C19DTFK.xml
AANBD067TEA4,-135.0,57.0,-136.2,57.9062,8640.157,8652.700195,1.503728180224062,-12.543195000000196,2026-04-02T17.39.33.0171905-J427T7V0-8374-DMT101-TTG625-DMTDUMMY.xml,2026-04-02T17.20.12.1373151-J427T7V0-8374-TFK658-TTG625-MFG7152C19DTFK.xml
AANBD067TEA4,-57.0,-135.0,-57.9062,-136.2,8652.329,8666.040039,1.503728180224062,-13.7110389999998,2026-04-02T17.39.33.0171905-J427T7V0-8374-DMT101-TTG625-DMTDUMMY.xml,2026-04-02T17.20.12.1373151-J427T7V0-8374-TFK658-TTG625-MFG7152C19DTFK.xml
AANBD067TEA4,-57.0,135.0,-57.9062,136.2,8647.545,8657.639648,1.503728180224062,-10.094648000000234,2026-04-02T17.39.33.0171905-J427T7V0-8374-DMT101-TTG625-DMTDUMMY.xml,2026-04-02T17.20.12.1373151-J427T7V0-8374-TFK658-TTG625-MFG7152C19DTFK.xml
AANBD067TEA4,57.0,-135.0,57.9062,-136.2,8655.98,8673.290039,1.503728180224062,-17.31003899999996,2026-04-02T17.39.33.0171905-J427T7V0-8374-DMT101-TTG625-DMTDUMMY.xml,2026-04-02T17.20.12.1373151-J427T7V0-8374-TFK658-TTG625-MFG7152C19DTFK.xml
AANBD228TEH1,0.0,0.0,0.0067,-3.6622,8622.196,8605.730469,3.6622061288245367,16.465530999999828,2026-03-26T10.25.24.6087352-LCTW01516-8374-DMT115-TTB134-DMTDUMMY.xml,2026-03-26T09.22.48.2544075-LCTW01516-8374-TFK658-TTB134-MFG7152C19DTFK.xml
AANBD228TEH1,18.0,18.0,19.3019,19.3019,8608.975,8591.849609,1.8411646368535322,17.12539099999958,2026-03-26T10.25.24.6087352-LCTW01516-8374-DMT115-TTB134-DMTDUMMY.xml,2026-03-26T09.22.48.2544075-LCTW01516-8374-TFK658-TTB134-MFG7152C19DTFK.xml
AANBD228TEH1,18.0,-21.0,19.3019,-19.3019,8604.619,8591.730469,2.1397399888771536,12.888531000000512,2026-03-26T10.25.24.6087352-LCTW01516-8374-DMT115-TTB134-DMTDUMMY.xml,2026-03-26T09.22.48.2544075-LCTW01516-8374-TFK658-TTB134-MFG7152C19DTFK.xml
AANBD228TEH1,-48.0,-36.0,-47.4578,-36.4348,8599.347,8586.75,0.6950049496226653,12.596999999999753,2026-03-26T10.25.24.6087352-LCTW01516-8374-DMT115-TTB134-DMTDUMMY.xml,2026-03-26T09.22.48.2544075-LCTW01516-8374-TFK658-TTB134-MFG7152C19DTFK.xml
AANBD228TEH1,-57.0,18.0,-57.9062,19.3019,8601.713,8586.200195,1.5862351811758546,15.512805000000299,2026-03-26T10.25.24.6087352-LCTW01516-8374-DMT115-TTB134-DMTDUMMY.xml,2026-03-26T09.22.48.2544075-LCTW01516-8374-TFK658-TTB134-MFG7152C19DTFK.xml
AANBD228TEH1,-18.0,-57.0,-19.3019,-57.9062,8595.518,8581.5,1.5862351811758546,14.018000000000029,2026-03-26T10.25.24.6087352-LCTW01516-8374-DMT115-TTB134-DMTDUMMY.xml,2026-03-26T09.22.48.2544075-LCTW01516-8374-TFK658-TTB134-MFG7152C19DTFK.xml
AANBD228TEH1,-18.0,57.0,-19.3019,57.9062,8598.661,8580.959961,1.5862351811758546,17.701038999999582,2026-03-26T10.25.24.6087352-LCTW01516-8374-DMT115-TTB134-DMTDUMMY.xml,2026-03-26T09.22.48.2544075-LCTW01516-8374-TFK658-TTB134-MFG7152C19DTFK.xml
AANBD228TEH1,72.0,-3.0,71.2039,-3.6622,8580.231,8565.900391,1.035511491969062,14.33060900000055,2026-03-26T10.25.24.6087352-LCTW01516-8374-DMT115-TTB134-DMTDUMMY.xml,2026-03-26T09.22.48.2544075-LCTW01516-8374-TFK658-TTB134-MFG7152C19DTFK.xml
AANBD228TEH1,57.0,57.0,57.9062,57.9062,8579.568,8564.950195,1.2815603302224963,14.617804999999862,2026-03-26T10.25.24.6087352-LCTW01516-8374-DMT115-TTB134-DMTDUMMY.xml,2026-03-26T09.22.48.2544075-LCTW01516-8374-TFK658-TTB134-MFG7152C19DTFK.xml
AANBD228TEH1,-72.0,63.0,-71.1902,61.8829,8574.35,8560.280273,1.37974216794298,14.069727000000057,2026-03-26T10.25.24.6087352-LCTW01516-8374-DMT115-TTB134-DMTDUMMY.xml,2026-03-26T09.22.48.2544075-LCTW01516-8374-TFK658-TTB134-MFG7152C19DTFK.xml
AANBD228TEH1,18.0,-96.0,19.3019,-96.51,8567.323,8551.30957,1.398228740228152,16.01343000000088,2026-03-26T10.25.24.6087352-LCTW01516-8374-DMT115-TTB134-DMTDUMMY.xml,2026-03-26T09.22.48.2544075-LCTW01516-8374-TFK658-TTB134-MFG7152C19DTFK.xml
AANBD228TEH1,18.0,96.0,19.3019,96.51,8571.969,8557.549805,1.398228740228152,14.419194999998581,2026-03-26T10.25.24.6087352-LCTW01516-8374-DMT115-TTB134-DMTDUMMY.xml,2026-03-26T09.22.48.2544075-LCTW01516-8374-TFK658-TTB134-MFG7152C19DTFK.xml
AANBD228TEH1,96.0,18.0,96.51,19.3019,8565.51,8554.280273,1.398228740228152,11.229726999999912,2026-03-26T10.25.24.6087352-LCTW01516-8374-DMT115-TTB134-DMTDUMMY.xml,2026-03-26T09.22.48.2544075-LCTW01516-8374-TFK658-TTB134-MFG7152C19DTFK.xml
AANBD228TEH1,72.0,-69.0,71.2039,-69.2075,8563.725,8552.660156,0.8226976722952309,11.064844000000448,2026-03-26T10.25.24.6087352-LCTW01516-8374-DMT115-TTB134-DMTDUMMY.xml,2026-03-26T09.22.48.2544075-LCTW01516-8374-TFK658-TTB134-MFG7152C19DTFK.xml
AANBD228TEH1,-96.0,-57.0,-96.51,-57.9062,8565.682,8553.299805,1.0398550091238692,12.382195000000138,2026-03-26T10.25.24.6087352-LCTW01516-8374-DMT115-TTB134-DMTDUMMY.xml,2026-03-26T09.22.48.2544075-LCTW01516-8374-TFK658-TTB134-MFG7152C19DTFK.xml
AANBD228TEH1,-57.0,-96.0,-57.9062,-96.51,8559.269,8547.490234,1.0398550091238692,11.77876599999945,2026-03-26T10.25.24.6087352-LCTW01516-8374-DMT115-TTB134-DMTDUMMY.xml,2026-03-26T09.22.48.2544075-LCTW01516-8374-TFK658-TTB134-MFG7152C19DTFK.xml
AANBD228TEH1,-57.0,96.0,-57.9062,96.51,8566.248,8547.089844,1.0398550091238692,19.158155999999508,2026-03-26T10.25.24.6087352-LCTW01516-8374-DMT115-TTB134-DMTDUMMY.xml,2026-03-26T09.22.48.2544075-LCTW01516-8374-TFK658-TTB134-MFG7152C19DTFK.xml
AANBD228TEH1,96.0,63.0,94.9361,61.8829,8555.91,8542.990234,1.5426586206935122,12.919765999999072,2026-03-26T10.25.24.6087352-LCTW01516-8374-DMT115-TTB134-DMTDUMMY.xml,2026-03-26T09.22.48.2544075-LCTW01516-8374-TFK658-TTB134-MFG7152C19DTFK.xml
AANBD228TEH1,-120.0,-3.0,-118.655,-3.6622,8560.94,8546.549805,1.4991777212859043,14.390194999999949,2026-03-26T10.25.24.6087352-LCTW01516-8374-DMT115-TTB134-DMTDUMMY.xml,2026-03-26T09.22.48.2544075-LCTW01516-8374-TFK658-TTB134-MFG7152C19DTFK.xml
AANBD228TEH1,0.0,126.0,0.0067,127.428,8555.691,8541.959961,1.4280157177006112,13.731039000000237,2026-03-26T10.25.24.6087352-LCTW01516-8374-DMT115-TTB134-DMTDUMMY.xml,2026-03-26T09.22.48.2544075-LCTW01516-8374-TFK658-TTB134-MFG7152C19DTFK.xml
AANBD228TEH1,0.0,-135.0,0.0067,-134.7529999,8550.351,8537.089844,0.24709095369926845,13.261156000000483,2026-03-26T10.25.24.6087352-LCTW01516-8374-DMT115-TTB134-DMTDUMMY.xml,2026-03-26T09.22.48.2544075-LCTW01516-8374-TFK658-TTB134-MFG7152C19DTFK.xml
AANBD228TEH1,-96.0,96.0,-96.51,96.51,8557.16,8541.589844,0.7212489168102857,15.57015599999977,2026-03-26T10.25.24.6087352-LCTW01516-8374-DMT115-TTB134-DMTDUMMY.xml,2026-03-26T09.22.48.2544075-LCTW01516-8374-TFK658-TTB134-MFG7152C19DTFK.xml
AANBD228TEH1,96.0,-96.0,96.51,-96.51,8553.382,8539.969727,0.7212489168102857,13.412272999999914,2026-03-26T10.25.24.6087352-LCTW01516-8374-DMT115-TTB134-DMTDUMMY.xml,2026-03-26T09.22.48.2544075-LCTW01516-8374-TFK658-TTB134-MFG7152C19DTFK.xml
AANBD228TEH1,135.0,18.0,136.2,19.3019,8551.655,8539.0,1.7705771968485227,12.655000000000655,2026-03-26T10.25.24.6087352-LCTW01516-8374-DMT115-TTB134-DMTDUMMY.xml,2026-03-26T09.22.48.2544075-LCTW01516-8374-TFK658-TTB134-MFG7152C19DTFK.xml
AANBD228TEH1,72.0,126.0,71.2039,127.428,8560.55,8551.330078,1.6349187166339447,9.219921999998405,2026-03-26T10.25.24.6087352-LCTW01516-8374-DMT115-TTB134-DMTDUMMY.xml,2026-03-26T09.22.48.2544075-LCTW01516-8374-TFK658-TTB134-MFG7152C19DTFK.xml
AANBD228TEH1,141.0,-36.0,142.401,-36.4348,8553.754,8549.660156,1.466919234313884,4.0938440000008995,2026-03-26T10.25.24.6087352-LCTW01516-8374-DMT115-TTB134-DMTDUMMY.xml,2026-03-26T09.22.48.2544075-LCTW01516-8374-TFK658-TTB134-MFG7152C19DTFK.xml
AANBD228TEH1,-135.0,-57.0,-136.2,-57.9062,8606.112,8611.459961,1.503728180224062,-5.347961000001305,2026-03-26T10.25.24.6087352-LCTW01516-8374-DMT115-TTB134-DMTDUMMY.xml,2026-03-26T09.22.48.2544075-LCTW01516-8374-TFK658-TTB134-MFG7152C19DTFK.xml
AANBD228TEH1,-135.0,57.0,-136.2,57.9062,8608.556,8623.519531,1.503728180224062,-14.96353099999942,2026-03-26T10.25.24.6087352-LCTW01516-8374-DMT115-TTB134-DMTDUMMY.xml,2026-03-26T09.22.48.2544075-LCTW01516-8374-TFK658-TTB134-MFG7152C19DTFK.xml
AANBD228TEH1,-57.0,-135.0,-57.9062,-136.2,8602.793,8603.160156,1.503728180224062,-0.36715600000025006,2026-03-26T10.25.24.6087352-LCTW01516-8374-DMT115-TTB134-DMTDUMMY.xml,2026-03-26T09.22.48.2544075-LCTW01516-8374-TFK658-TTB134-MFG7152C19DTFK.xml
AANBD228TEH1,-57.0,135.0,-57.9062,136.2,8609.427,8622.589844,1.503728180224062,-13.162844000000405,2026-03-26T10.25.24.6087352-LCTW01516-8374-DMT115-TTB134-DMTDUMMY.xml,2026-03-26T09.22.48.2544075-LCTW01516-8374-TFK658-TTB134-MFG7152C19DTFK.xml
AANBD228TEH1,57.0,-135.0,57.9062,-136.2,8607.122,8597.530273,1.503728180224062,9.591726999999082,2026-03-26T10.25.24.6087352-LCTW01516-8374-DMT115-TTB134-DMTDUMMY.xml,2026-03-26T09.22.48.2544075-LCTW01516-8374-TFK658-TTB134-MFG7152C19DTFK.xml
AANBD103TEH2,0.0,0.0,0.0067,-3.6622,8652.956,8643.5,3.6622061288245367,9.456000000000131,2026-04-02T17.39.33.0171905-J427T7V0-8374-DMT101-TTG625-DMTDUMMY.xml,2026-04-02T17.20.12.1373151-J427T7V0-8374-TFK658-TTG625-MFG7152C19DTFK.xml
AANBD103TEH2,18.0,18.0,19.3019,19.3019,8644.707,8637.870117,1.8411646368535322,6.836882999999943,2026-04-02T17.39.33.0171905-J427T7V0-8374-DMT101-TTG625-DMTDUMMY.xml,2026-04-02T17.20.12.1373151-J427T7V0-8374-TFK658-TTG625-MFG7152C19DTFK.xml
AANBD103TEH2,18.0,-21.0,19.3019,-19.3019,8642.144,8635.69043,2.1397399888771536,6.453569999999672,2026-04-02T17.39.33.0171905-J427T7V0-8374-DMT101-TTG625-DMTDUMMY.xml,2026-04-02T17.20.12.1373151-J427T7V0-8374-TFK658-TTG625-MFG7152C19DTFK.xml
AANBD103TEH2,-48.0,-36.0,-47.4578,-36.4348,8647.662,8639.459961,0.6950049496226653,8.202038999999786,2026-04-02T17.39.33.0171905-J427T7V0-8374-DMT101-TTG625-DMTDUMMY.xml,2026-04-02T17.20.12.1373151-J427T7V0-8374-TFK658-TTG625-MFG7152C19DTFK.xml
AANBD103TEH2,-57.0,18.0,-57.9062,19.3019,8648.014,8639.679688,1.5862351811758546,8.334311999999045,2026-04-02T17.39.33.0171905-J427T7V0-8374-DMT101-TTG625-DMTDUMMY.xml,2026-04-02T17.20.12.1373151-J427T7V0-8374-TFK658-TTG625-MFG7152C19DTFK.xml
AANBD103TEH2,-18.0,-57.0,-19.3019,-57.9062,8642.117,8634.870117,1.5862351811758546,7.246882999999798,2026-04-02T17.39.33.0171905-J427T7V0-8374-DMT101-TTG625-DMTDUMMY.xml,2026-04-02T17.20.12.1373151-J427T7V0-8374-TFK658-TTG625-MFG7152C19DTFK.xml
AANBD103TEH2,-18.0,57.0,-19.3019,57.9062,8651.637,8642.160156,1.5862351811758546,9.47684400000071,2026-04-02T17.39.33.0171905-J427T7V0-8374-DMT101-TTG625-DMTDUMMY.xml,2026-04-02T17.20.12.1373151-J427T7V0-8374-TFK658-TTG625-MFG7152C19DTFK.xml
AANBD103TEH2,72.0,-3.0,71.2039,-3.6622,8627.634,8618.80957,1.035511491969062,8.824430000000575,2026-04-02T17.39.33.0171905-J427T7V0-8374-DMT101-TTG625-DMTDUMMY.xml,2026-04-02T17.20.12.1373151-J427T7V0-8374-TFK658-TTG625-MFG7152C19DTFK.xml
AANBD103TEH2,57.0,57.0,57.9062,57.9062,8624.479,8612.419922,1.2815603302224963,12.059078000000227,2026-04-02T17.39.33.0171905-J427T7V0-8374-DMT101-TTG625-DMTDUMMY.xml,2026-04-02T17.20.12.1373151-J427T7V0-8374-TFK658-TTG625-MFG7152C19DTFK.xml
AANBD103TEH2,-72.0,63.0,-71.1902,61.8829,8622.967,8612.679688,1.37974216794298,10.287312000000384,2026-04-02T17.39.33.0171905-J427T7V0-8374-DMT101-TTG625-DMTDUMMY.xml,2026-04-02T17.20.12.1373151-J427T7V0-8374-TFK658-TTG625-MFG7152C19DTFK.xml
AANBD103TEH2,18.0,-96.0,19.3019,-96.51,8609.308,8598.349609,1.398228740228152,10.95839100000012,2026-04-02T17.39.33.0171905-J427T7V0-8374-DMT101-TTG625-DMTDUMMY.xml,2026-04-02T17.20.12.1373151-J427T7V0-8374-TFK658-TTG625-MFG7152C19DTFK.xml
AANBD103TEH2,18.0,96.0,19.3019,96.51,8617.042,8607.0,1.398228740228152,10.041999999999462,2026-04-02T17.39.33.0171905-J427T7V0-8374-DMT101-TTG625-DMTDUMMY.xml,2026-04-02T17.20.12.1373151-J427T7V0-8374-TFK658-TTG625-MFG7152C19DTFK.xml
AANBD103TEH2,96.0,18.0,96.51,19.3019,8608.058,8598.19043,1.398228740228152,9.867570000000342,2026-04-02T17.39.33.0171905-J427T7V0-8374-DMT101-TTG625-DMTDUMMY.xml,2026-04-02T17.20.12.1373151-J427T7V0-8374-TFK658-TTG625-MFG7152C19DTFK.xml
AANBD103TEH2,72.0,-69.0,71.2039,-69.2075,8607.454,8600.219727,0.8226976722952309,7.23427300000003,2026-04-02T17.39.33.0171905-J427T7V0-8374-DMT101-TTG625-DMTDUMMY.xml,2026-04-02T17.20.12.1373151-J427T7V0-8374-TFK658-TTG625-MFG7152C19DTFK.xml
AANBD103TEH2,-96.0,-57.0,-96.51,-57.9062,8599.609,8588.419922,1.0398550091238692,11.189078000001246,2026-04-02T17.39.33.0171905-J427T7V0-8374-DMT101-TTG625-DMTDUMMY.xml,2026-04-02T17.20.12.1373151-J427T7V0-8374-TFK658-TTG625-MFG7152C19DTFK.xml
AANBD103TEH2,-57.0,-96.0,-57.9062,-96.51,8596.741,8585.740234,1.0398550091238692,11.000765999999203,2026-04-02T17.39.33.0171905-J427T7V0-8374-DMT101-TTG625-DMTDUMMY.xml,2026-04-02T17.20.12.1373151-J427T7V0-8374-TFK658-TTG625-MFG7152C19DTFK.xml
AANBD103TEH2,-57.0,96.0,-57.9062,96.51,8605.381,8597.599609,1.0398550091238692,7.781390999998621,2026-04-02T17.39.33.0171905-J427T7V0-8374-DMT101-TTG625-DMTDUMMY.xml,2026-04-02T17.20.12.1373151-J427T7V0-8374-TFK658-TTG625-MFG7152C19DTFK.xml
AANBD103TEH2,96.0,63.0,94.9361,61.8829,8595.866,8587.269531,1.5426586206935122,8.59646900000007,2026-04-02T17.39.33.0171905-J427T7V0-8374-DMT101-TTG625-DMTDUMMY.xml,2026-04-02T17.20.12.1373151-J427T7V0-8374-TFK658-TTG625-MFG7152C19DTFK.xml
AANBD103TEH2,-120.0,-3.0,-118.655,-3.6622,8592.832,8584.320313,1.4991777212859043,8.511687000000165,2026-04-02T17.39.33.0171905-J427T7V0-8374-DMT101-TTG625-DMTDUMMY.xml,2026-04-02T17.20.12.1373151-J427T7V0-8374-TFK658-TTG625-MFG7152C19DTFK.xml
AANBD103TEH2,0.0,126.0,0.0067,127.428,8594.789,8586.129883,1.4280157177006112,8.65911700000106,2026-04-02T17.39.33.0171905-J427T7V0-8374-DMT101-TTG625-DMTDUMMY.xml,2026-04-02T17.20.12.1373151-J427T7V0-8374-TFK658-TTG625-MFG7152C19DTFK.xml
AANBD103TEH2,0.0,-135.0,0.0067,-134.7529999,8582.743,8574.389648,0.24709095369926845,8.353352000000086,2026-04-02T17.39.33.0171905-J427T7V0-8374-DMT101-TTG625-DMTDUMMY.xml,2026-04-02T17.20.12.1373151-J427T7V0-8374-TFK658-TTG625-MFG7152C19DTFK.xml
AANBD103TEH2,-96.0,96.0,-96.51,96.51,8591.413,8580.080078,0.7212489168102857,11.332921999999598,2026-04-02T17.39.33.0171905-J427T7V0-8374-DMT101-TTG625-DMTDUMMY.xml,2026-04-02T17.20.12.1373151-J427T7V0-8374-TFK658-TTG625-MFG7152C19DTFK.xml
AANBD103TEH2,96.0,-96.0,96.51,-96.51,8587.801,8577.900391,0.7212489168102857,9.900609000000259,2026-04-02T17.39.33.0171905-J427T7V0-8374-DMT101-TTG625-DMTDUMMY.xml,2026-04-02T17.20.12.1373151-J427T7V0-8374-TFK658-TTG625-MFG7152C19DTFK.xml
AANBD103TEH2,135.0,18.0,136.2,19.3019,8584.939,8578.219727,1.7705771968485227,6.719273000000612,2026-04-02T17.39.33.0171905-J427T7V0-8374-DMT101-TTG625-DMTDUMMY.xml,2026-04-02T17.20.12.1373151-J427T7V0-8374-TFK658-TTG625-MFG7152C19DTFK.xml
AANBD103TEH2,72.0,126.0,71.2039,127.428,8596.087,8593.419922,1.6349187166339447,2.6670780000004015,2026-04-02T17.39.33.0171905-J427T7V0-8374-DMT101-TTG625-DMTDUMMY.xml,2026-04-02T17.20.12.1373151-J427T7V0-8374-TFK658-TTG625-MFG7152C19DTFK.xml
AANBD103TEH2,141.0,-36.0,142.401,-36.4348,8591.617,8598.44043,1.466919234313884,-6.823430000000371,2026-04-02T17.39.33.0171905-J427T7V0-8374-DMT101-TTG625-DMTDUMMY.xml,2026-04-02T17.20.12.1373151-J427T7V0-8374-TFK658-TTG625-MFG7152C19DTFK.xml
AANBD103TEH2,-135.0,-57.0,-136.2,-57.9062,8623.714,8626.280273,1.503728180224062,-2.566273000000365,2026-04-02T17.39.33.0171905-J427T7V0-8374-DMT101-TTG625-DMTDUMMY.xml,2026-04-02T17.20.12.1373151-J427T7V0-8374-TFK658-TTG625-MFG7152C19DTFK.xml
AANBD103TEH2,-135.0,57.0,-136.2,57.9062,8631.123,8644.019531,1.503728180224062,-12.896531000000323,2026-04-02T17.39.33.0171905-J427T7V0-8374-DMT101-TTG625-DMTDUMMY.xml,2026-04-02T17.20.12.1373151-J427T7V0-8374-TFK658-TTG625-MFG7152C19DTFK.xml
AANBD103TEH2,-57.0,-135.0,-57.9062,-136.2,8628.552,8626.669922,1.503728180224062,1.882078000000547,2026-04-02T17.39.33.0171905-J427T7V0-8374-DMT101-TTG625-DMTDUMMY.xml,2026-04-02T17.20.12.1373151-J427T7V0-8374-TFK658-TTG625-MFG7152C19DTFK.xml
AANBD103TEH2,-57.0,135.0,-57.9062,136.2,8645.267,8659.070313,1.503728180224062,-13.803313000000344,2026-04-02T17.39.33.0171905-J427T7V0-8374-DMT101-TTG625-DMTDUMMY.xml,2026-04-02T17.20.12.1373151-J427T7V0-8374-TFK658-TTG625-MFG7152C19DTFK.xml
AANBD103TEH2,57.0,-135.0,57.9062,-136.2,8633.938,8638.05957,1.503728180224062,-4.121569999999338,2026-04-02T17.39.33.0171905-J427T7V0-8374-DMT101-TTG625-DMTDUMMY.xml,2026-04-02T17.20.12.1373151-J427T7V0-8374-TFK658-TTG625-MFG7152C19DTFK.xml
AANBD205TEA1,0.0,0.0,0.0067,-3.6622,8625.849,8614.94043,3.6622061288245367,10.9085699999996,2026-03-26T10.25.24.6087352-LCTW01516-8374-DMT115-TTB134-DMTDUMMY.xml,2026-03-26T09.22.48.2544075-LCTW01516-8374-TFK658-TTB134-MFG7152C19DTFK.xml
AANBD205TEA1,18.0,18.0,19.3019,19.3019,8615.895,8602.69043,1.8411646368535322,13.204569999999876,2026-03-26T10.25.24.6087352-LCTW01516-8374-DMT115-TTB134-DMTDUMMY.xml,2026-03-26T09.22.48.2544075-LCTW01516-8374-TFK658-TTB134-MFG7152C19DTFK.xml
AANBD205TEA1,18.0,-21.0,19.3019,-19.3019,8615.419,8604.700195,2.1397399888771536,10.71880500000043,2026-03-26T10.25.24.6087352-LCTW01516-8374-DMT115-TTB134-DMTDUMMY.xml,2026-03-26T09.22.48.2544075-LCTW01516-8374-TFK658-TTB134-MFG7152C19DTFK.xml
AANBD205TEA1,-48.0,-36.0,-47.4578,-36.4348,8606.011,8591.919922,0.6950049496226653,14.09107800000129,2026-03-26T10.25.24.6087352-LCTW01516-8374-DMT115-TTB134-DMTDUMMY.xml,2026-03-26T09.22.48.2544075-LCTW01516-8374-TFK658-TTB134-MFG7152C19DTFK.xml
AANBD205TEA1,-57.0,18.0,-57.9062,19.3019,8603.864,8591.299805,1.5862351811758546,12.564194999999017,2026-03-26T10.25.24.6087352-LCTW01516-8374-DMT115-TTB134-DMTDUMMY.xml,2026-03-26T09.22.48.2544075-LCTW01516-8374-TFK658-TTB134-MFG7152C19DTFK.xml
AANBD205TEA1,-18.0,-57.0,-19.3019,-57.9062,8604.454,8591.330078,1.5862351811758546,13.123921999998856,2026-03-26T10.25.24.6087352-LCTW01516-8374-DMT115-TTB134-DMTDUMMY.xml,2026-03-26T09.22.48.2544075-LCTW01516-8374-TFK658-TTB134-MFG7152C19DTFK.xml
AANBD205TEA1,-18.0,57.0,-19.3019,57.9062,8600.762,8584.910156,1.5862351811758546,15.85184400000071,2026-03-26T10.25.24.6087352-LCTW01516-8374-DMT115-TTB134-DMTDUMMY.xml,2026-03-26T09.22.48.2544075-LCTW01516-8374-TFK658-TTB134-MFG7152C19DTFK.xml
AANBD205TEA1,72.0,-3.0,71.2039,-3.6622,8590.71,8577.94043,1.035511491969062,12.769569999998566,2026-03-26T10.25.24.6087352-LCTW01516-8374-DMT115-TTB134-DMTDUMMY.xml,2026-03-26T09.22.48.2544075-LCTW01516-8374-TFK658-TTB134-MFG7152C19DTFK.xml
AANBD205TEA1,57.0,57.0,57.9062,57.9062,8586.746,8571.799805,1.2815603302224963,14.946194999998625,2026-03-26T10.25.24.6087352-LCTW01516-8374-DMT115-TTB134-DMTDUMMY.xml,2026-03-26T09.22.48.2544075-LCTW01516-8374-TFK658-TTB134-MFG7152C19DTFK.xml
AANBD205TEA1,-72.0,63.0,-71.1902,61.8829,8580.298,8564.870117,1.37974216794298,15.427883000000293,2026-03-26T10.25.24.6087352-LCTW01516-8374-DMT115-TTB134-DMTDUMMY.xml,2026-03-26T09.22.48.2544075-LCTW01516-8374-TFK658-TTB134-MFG7152C19DTFK.xml
AANBD205TEA1,18.0,-96.0,19.3019,-96.51,8578.212,8564.769531,1.398228740228152,13.442468999999619,2026-03-26T10.25.24.6087352-LCTW01516-8374-DMT115-TTB134-DMTDUMMY.xml,2026-03-26T09.22.48.2544075-LCTW01516-8374-TFK658-TTB134-MFG7152C19DTFK.xml
AANBD205TEA1,18.0,96.0,19.3019,96.51,8577.256,8562.509766,1.398228740228152,14.746234000000186,2026-03-26T10.25.24.6087352-LCTW01516-8374-DMT115-TTB134-DMTDUMMY.xml,2026-03-26T09.22.48.2544075-LCTW01516-8374-TFK658-TTB134-MFG7152C19DTFK.xml
AANBD205TEA1,96.0,18.0,96.51,19.3019,8575.754,8563.80957,1.398228740228152,11.944430000001375,2026-03-26T10.25.24.6087352-LCTW01516-8374-DMT115-TTB134-DMTDUMMY.xml,2026-03-26T09.22.48.2544075-LCTW01516-8374-TFK658-TTB134-MFG7152C19DTFK.xml
AANBD205TEA1,72.0,-69.0,71.2039,-69.2075,8577.224,8566.509766,0.8226976722952309,10.714234000000943,2026-03-26T10.25.24.6087352-LCTW01516-8374-DMT115-TTB134-DMTDUMMY.xml,2026-03-26T09.22.48.2544075-LCTW01516-8374-TFK658-TTB134-MFG7152C19DTFK.xml
AANBD205TEA1,-96.0,-57.0,-96.51,-57.9062,8568.813,8554.009766,1.0398550091238692,14.803234000000884,2026-03-26T10.25.24.6087352-LCTW01516-8374-DMT115-TTB134-DMTDUMMY.xml,2026-03-26T09.22.48.2544075-LCTW01516-8374-TFK658-TTB134-MFG7152C19DTFK.xml
AANBD205TEA1,-57.0,-96.0,-57.9062,-96.51,8568.179,8553.280273,1.0398550091238692,14.89872699999978,2026-03-26T10.25.24.6087352-LCTW01516-8374-DMT115-TTB134-DMTDUMMY.xml,2026-03-26T09.22.48.2544075-LCTW01516-8374-TFK658-TTB134-MFG7152C19DTFK.xml
AANBD205TEA1,-57.0,96.0,-57.9062,96.51,8566.776,8555.540039,1.0398550091238692,11.235961000000316,2026-03-26T10.25.24.6087352-LCTW01516-8374-DMT115-TTB134-DMTDUMMY.xml,2026-03-26T09.22.48.2544075-LCTW01516-8374-TFK658-TTB134-MFG7152C19DTFK.xml
AANBD205TEA1,96.0,63.0,94.9361,61.8829,8564.946,8554.290039,1.5426586206935122,10.655961000000389,2026-03-26T10.25.24.6087352-LCTW01516-8374-DMT115-TTB134-DMTDUMMY.xml,2026-03-26T09.22.48.2544075-LCTW01516-8374-TFK658-TTB134-MFG7152C19DTFK.xml
AANBD205TEA1,-120.0,-3.0,-118.655,-3.6622,8565.613,8549.589844,1.4991777212859043,16.02315599999929,2026-03-26T10.25.24.6087352-LCTW01516-8374-DMT115-TTB134-DMTDUMMY.xml,2026-03-26T09.22.48.2544075-LCTW01516-8374-TFK658-TTB134-MFG7152C19DTFK.xml
AANBD205TEA1,0.0,126.0,0.0067,127.428,8562.295,8547.099609,1.4280157177006112,15.19539099999929,2026-03-26T10.25.24.6087352-LCTW01516-8374-DMT115-TTB134-DMTDUMMY.xml,2026-03-26T09.22.48.2544075-LCTW01516-8374-TFK658-TTB134-MFG7152C19DTFK.xml
AANBD205TEA1,0.0,-135.0,0.0067,-134.7529999,8564.566,8546.280273,0.24709095369926845,18.285727000000406,2026-03-26T10.25.24.6087352-LCTW01516-8374-DMT115-TTB134-DMTDUMMY.xml,2026-03-26T09.22.48.2544075-LCTW01516-8374-TFK658-TTB134-MFG7152C19DTFK.xml
AANBD205TEA1,-96.0,96.0,-96.51,96.51,8560.631,8545.929688,0.7212489168102857,14.701311999999234,2026-03-26T10.25.24.6087352-LCTW01516-8374-DMT115-TTB134-DMTDUMMY.xml,2026-03-26T09.22.48.2544075-LCTW01516-8374-TFK658-TTB134-MFG7152C19DTFK.xml
AANBD205TEA1,96.0,-96.0,96.51,-96.51,8563.287,8548.980469,0.7212489168102857,14.306531000000177,2026-03-26T10.25.24.6087352-LCTW01516-8374-DMT115-TTB134-DMTDUMMY.xml,2026-03-26T09.22.48.2544075-LCTW01516-8374-TFK658-TTB134-MFG7152C19DTFK.xml
AANBD205TEA1,135.0,18.0,136.2,19.3019,8558.205,8542.139648,1.7705771968485227,16.06535199999962,2026-03-26T10.25.24.6087352-LCTW01516-8374-DMT115-TTB134-DMTDUMMY.xml,2026-03-26T09.22.48.2544075-LCTW01516-8374-TFK658-TTB134-MFG7152C19DTFK.xml
AANBD205TEA1,72.0,126.0,71.2039,127.428,8562.541,8553.139648,1.6349187166339447,9.401351999998951,2026-03-26T10.25.24.6087352-LCTW01516-8374-DMT115-TTB134-DMTDUMMY.xml,2026-03-26T09.22.48.2544075-LCTW01516-8374-TFK658-TTB134-MFG7152C19DTFK.xml
AANBD205TEA1,141.0,-36.0,142.401,-36.4348,8564.92,8567.320313,1.466919234313884,-2.4003130000000965,2026-03-26T10.25.24.6087352-LCTW01516-8374-DMT115-TTB134-DMTDUMMY.xml,2026-03-26T09.22.48.2544075-LCTW01516-8374-TFK658-TTB134-MFG7152C19DTFK.xml
AANBD205TEA1,-135.0,-57.0,-136.2,-57.9062,8616.046,8629.589844,1.503728180224062,-13.543843999999808,2026-03-26T10.25.24.6087352-LCTW01516-8374-DMT115-TTB134-DMTDUMMY.xml,2026-03-26T09.22.48.2544075-LCTW01516-8374-TFK658-TTB134-MFG7152C19DTFK.xml
AANBD205TEA1,-135.0,57.0,-136.2,57.9062,8612.489,8621.400391,1.503728180224062,-8.91139099999964,2026-03-26T10.25.24.6087352-LCTW01516-8374-DMT115-TTB134-DMTDUMMY.xml,2026-03-26T09.22.48.2544075-LCTW01516-8374-TFK658-TTB134-MFG7152C19DTFK.xml
AANBD205TEA1,-57.0,-135.0,-57.9062,-136.2,8617.183,8633.820313,1.503728180224062,-16.637312999999267,2026-03-26T10.25.24.6087352-LCTW01516-8374-DMT115-TTB134-DMTDUMMY.xml,2026-03-26T09.22.48.2544075-LCTW01516-8374-TFK658-TTB134-MFG7152C19DTFK.xml
AANBD205TEA1,-57.0,135.0,-57.9062,136.2,8609.002,8616.959961,1.503728180224062,-7.9579610000000685,2026-03-26T10.25.24.6087352-LCTW01516-8374-DMT115-TTB134-DMTDUMMY.xml,2026-03-26T09.22.48.2544075-LCTW01516-8374-TFK658-TTB134-MFG7152C19DTFK.xml
AANBD205TEA1,57.0,-135.0,57.9062,-136.2,8625.557,8634.480469,1.503728180224062,-8.923468999999386,2026-03-26T10.25.24.6087352-LCTW01516-8374-DMT115-TTB134-DMTDUMMY.xml,2026-03-26T09.22.48.2544075-LCTW01516-8374-TFK658-TTB134-MFG7152C19DTFK.xml
AANBD078TEB7,0.0,0.0,0.0067,-3.6622,8648.482,8638.299805,3.6622061288245367,10.18219499999941,2026-04-02T17.39.33.0171905-J427T7V0-8374-DMT101-TTG625-DMTDUMMY.xml,2026-04-02T17.20.12.1373151-J427T7V0-8374-TFK658-TTG625-MFG7152C19DTFK.xml
AANBD078TEB7,18.0,18.0,19.3019,19.3019,8638.661,8630.69043,1.8411646368535322,7.970569999999498,2026-04-02T17.39.33.0171905-J427T7V0-8374-DMT101-TTG625-DMTDUMMY.xml,2026-04-02T17.20.12.1373151-J427T7V0-8374-TFK658-TTG625-MFG7152C19DTFK.xml
AANBD078TEB7,18.0,-21.0,19.3019,-19.3019,8635.552,8629.410156,2.1397399888771536,6.1418439999997645,2026-04-02T17.39.33.0171905-J427T7V0-8374-DMT101-TTG625-DMTDUMMY.xml,2026-04-02T17.20.12.1373151-J427T7V0-8374-TFK658-TTG625-MFG7152C19DTFK.xml
AANBD078TEB7,-48.0,-36.0,-47.4578,-36.4348,8639.622,8633.980469,0.6950049496226653,5.641530999999304,2026-04-02T17.39.33.0171905-J427T7V0-8374-DMT101-TTG625-DMTDUMMY.xml,2026-04-02T17.20.12.1373151-J427T7V0-8374-TFK658-TTG625-MFG7152C19DTFK.xml
AANBD078TEB7,-57.0,18.0,-57.9062,19.3019,8640.553,8634.919922,1.5862351811758546,5.633078000000751,2026-04-02T17.39.33.0171905-J427T7V0-8374-DMT101-TTG625-DMTDUMMY.xml,2026-04-02T17.20.12.1373151-J427T7V0-8374-TFK658-TTG625-MFG7152C19DTFK.xml
AANBD078TEB7,-18.0,-57.0,-19.3019,-57.9062,8638.666,8630.150391,1.5862351811758546,8.51560900000004,2026-04-02T17.39.33.0171905-J427T7V0-8374-DMT101-TTG625-DMTDUMMY.xml,2026-04-02T17.20.12.1373151-J427T7V0-8374-TFK658-TTG625-MFG7152C19DTFK.xml
AANBD078TEB7,-18.0,57.0,-19.3019,57.9062,8639.643,8632.799805,1.5862351811758546,6.843194999999469,2026-04-02T17.39.33.0171905-J427T7V0-8374-DMT101-TTG625-DMTDUMMY.xml,2026-04-02T17.20.12.1373151-J427T7V0-8374-TFK658-TTG625-MFG7152C19DTFK.xml
AANBD078TEB7,72.0,-3.0,71.2039,-3.6622,8626.873,8619.089844,1.035511491969062,7.783155999999508,2026-04-02T17.39.33.0171905-J427T7V0-8374-DMT101-TTG625-DMTDUMMY.xml,2026-04-02T17.20.12.1373151-J427T7V0-8374-TFK658-TTG625-MFG7152C19DTFK.xml
AANBD078TEB7,57.0,57.0,57.9062,57.9062,8623.369,8616.110352,1.2815603302224963,7.258648000000903,2026-04-02T17.39.33.0171905-J427T7V0-8374-DMT101-TTG625-DMTDUMMY.xml,2026-04-02T17.20.12.1373151-J427T7V0-8374-TFK658-TTG625-MFG7152C19DTFK.xml
AANBD078TEB7,-72.0,63.0,-71.1902,61.8829,8617.91,8610.849609,1.37974216794298,7.060390999999072,2026-04-02T17.39.33.0171905-J427T7V0-8374-DMT101-TTG625-DMTDUMMY.xml,2026-04-02T17.20.12.1373151-J427T7V0-8374-TFK658-TTG625-MFG7152C19DTFK.xml
AANBD078TEB7,18.0,-96.0,19.3019,-96.51,8614.186,8600.650391,1.398228740228152,13.535609000000477,2026-04-02T17.39.33.0171905-J427T7V0-8374-DMT101-TTG625-DMTDUMMY.xml,2026-04-02T17.20.12.1373151-J427T7V0-8374-TFK658-TTG625-MFG7152C19DTFK.xml
AANBD078TEB7,18.0,96.0,19.3019,96.51,8616.067,8607.410156,1.398228740228152,8.656843999999182,2026-04-02T17.39.33.0171905-J427T7V0-8374-DMT101-TTG625-DMTDUMMY.xml,2026-04-02T17.20.12.1373151-J427T7V0-8374-TFK658-TTG625-MFG7152C19DTFK.xml
AANBD078TEB7,96.0,18.0,96.51,19.3019,8613.217,8604.339844,1.398228740228152,8.877156000000468,2026-04-02T17.39.33.0171905-J427T7V0-8374-DMT101-TTG625-DMTDUMMY.xml,2026-04-02T17.20.12.1373151-J427T7V0-8374-TFK658-TTG625-MFG7152C19DTFK.xml
AANBD078TEB7,72.0,-69.0,71.2039,-69.2075,8612.848,8606.030273,0.8226976722952309,6.81772699999965,2026-04-02T17.39.33.0171905-J427T7V0-8374-DMT101-TTG625-DMTDUMMY.xml,2026-04-02T17.20.12.1373151-J427T7V0-8374-TFK658-TTG625-MFG7152C19DTFK.xml
AANBD078TEB7,-96.0,-57.0,-96.51,-57.9062,8604.538,8592.669922,1.0398550091238692,11.868078000001333,2026-04-02T17.39.33.0171905-J427T7V0-8374-DMT101-TTG625-DMTDUMMY.xml,2026-04-02T17.20.12.1373151-J427T7V0-8374-TFK658-TTG625-MFG7152C19DTFK.xml
AANBD078TEB7,-57.0,-96.0,-57.9062,-96.51,8601.41,8592.509766,1.0398550091238692,8.900234000000637,2026-04-02T17.39.33.0171905-J427T7V0-8374-DMT101-TTG625-DMTDUMMY.xml,2026-04-02T17.20.12.1373151-J427T7V0-8374-TFK658-TTG625-MFG7152C19DTFK.xml
AANBD078TEB7,-57.0,96.0,-57.9062,96.51,8606.466,8594.709961,1.0398550091238692,11.756038999999873,2026-04-02T17.39.33.0171905-J427T7V0-8374-DMT101-TTG625-DMTDUMMY.xml,2026-04-02T17.20.12.1373151-J427T7V0-8374-TFK658-TTG625-MFG7152C19DTFK.xml
AANBD078TEB7,96.0,63.0,94.9361,61.8829,8600.528,8592.480469,1.5426586206935122,8.047531000000163,2026-04-02T17.39.33.0171905-J427T7V0-8374-DMT101-TTG625-DMTDUMMY.xml,2026-04-02T17.20.12.1373151-J427T7V0-8374-TFK658-TTG625-MFG7152C19DTFK.xml
AANBD078TEB7,-120.0,-3.0,-118.655,-3.6622,8593.916,8586.799805,1.4991777212859043,7.116194999998697,2026-04-02T17.39.33.0171905-J427T7V0-8374-DMT101-TTG625-DMTDUMMY.xml,2026-04-02T17.20.12.1373151-J427T7V0-8374-TFK658-TTG625-MFG7152C19DTFK.xml
AANBD078TEB7,0.0,126.0,0.0067,127.428,8593.942,8585.589844,1.4280157177006112,8.352155999999013,2026-04-02T17.39.33.0171905-J427T7V0-8374-DMT101-TTG625-DMTDUMMY.xml,2026-04-02T17.20.12.1373151-J427T7V0-8374-TFK658-TTG625-MFG7152C19DTFK.xml
AANBD078TEB7,0.0,-135.0,0.0067,-134.7529999,8588.624,8577.950195,0.24709095369926845,10.673805000000357,2026-04-02T17.39.33.0171905-J427T7V0-8374-DMT101-TTG625-DMTDUMMY.xml,2026-04-02T17.20.12.1373151-J427T7V0-8374-TFK658-TTG625-MFG7152C19DTFK.xml
AANBD078TEB7,-96.0,96.0,-96.51,96.51,8590.244,8581.30957,0.7212489168102857,8.934430000001157,2026-04-02T17.39.33.0171905-J427T7V0-8374-DMT101-TTG625-DMTDUMMY.xml,2026-04-02T17.20.12.1373151-J427T7V0-8374-TFK658-TTG625-MFG7152C19DTFK.xml
AANBD078TEB7,96.0,-96.0,96.51,-96.51,8587.464,8579.570313,0.7212489168102857,7.8936869999997725,2026-04-02T17.39.33.0171905-J427T7V0-8374-DMT101-TTG625-DMTDUMMY.xml,2026-04-02T17.20.12.1373151-J427T7V0-8374-TFK658-TTG625-MFG7152C19DTFK.xml
AANBD078TEB7,135.0,18.0,136.2,19.3019,8589.963,8579.839844,1.7705771968485227,10.123155999999653,2026-04-02T17.39.33.0171905-J427T7V0-8374-DMT101-TTG625-DMTDUMMY.xml,2026-04-02T17.20.12.1373151-J427T7V0-8374-TFK658-TTG625-MFG7152C19DTFK.xml
AANBD078TEB7,72.0,126.0,71.2039,127.428,8597.231,8592.519531,1.6349187166339447,4.711468999999852,2026-04-02T17.39.33.0171905-J427T7V0-8374-DMT101-TTG625-DMTDUMMY.xml,2026-04-02T17.20.12.1373151-J427T7V0-8374-TFK658-TTG625-MFG7152C19DTFK.xml
AANBD078TEB7,141.0,-36.0,142.401,-36.4348,8589.425,8594.610352,1.466919234313884,-5.185352000000421,2026-04-02T17.39.33.0171905-J427T7V0-8374-DMT101-TTG625-DMTDUMMY.xml,2026-04-02T17.20.12.1373151-J427T7V0-8374-TFK658-TTG625-MFG7152C19DTFK.xml
AANBD078TEB7,-135.0,-57.0,-136.2,-57.9062,8627.028,8624.360352,1.503728180224062,2.667648000000554,2026-04-02T17.39.33.0171905-J427T7V0-8374-DMT101-TTG625-DMTDUMMY.xml,2026-04-02T17.20.12.1373151-J427T7V0-8374-TFK658-TTG625-MFG7152C19DTFK.xml
AANBD078TEB7,-135.0,57.0,-136.2,57.9062,8628.92,8636.669922,1.503728180224062,-7.74992199999906,2026-04-02T17.39.33.0171905-J427T7V0-8374-DMT101-TTG625-DMTDUMMY.xml,2026-04-02T17.20.12.1373151-J427T7V0-8374-TFK658-TTG625-MFG7152C19DTFK.xml
AANBD078TEB7,-57.0,-135.0,-57.9062,-136.2,8632.477,8634.830078,1.503728180224062,-2.353078000000096,2026-04-02T17.39.33.0171905-J427T7V0-8374-DMT101-TTG625-DMTDUMMY.xml,2026-04-02T17.20.12.1373151-J427T7V0-8374-TFK658-TTG625-MFG7152C19DTFK.xml
AANBD078TEB7,-57.0,135.0,-57.9062,136.2,8640.666,8657.830078,1.503728180224062,-17.16407800000161,2026-04-02T17.39.33.0171905-J427T7V0-8374-DMT101-TTG625-DMTDUMMY.xml,2026-04-02T17.20.12.1373151-J427T7V0-8374-TFK658-TTG625-MFG7152C19DTFK.xml
AANBD078TEB7,57.0,-135.0,57.9062,-136.2,8632.248,8640.599609,1.503728180224062,-8.35160900000119,2026-04-02T17.39.33.0171905-J427T7V0-8374-DMT101-TTG625-DMTDUMMY.xml,2026-04-02T17.20.12.1373151-J427T7V0-8374-TFK658-TTG625-MFG7152C19DTFK.xml
AANBD055TEC2,0.0,0.0,0.0067,-3.6622,8659.643,8650.820313,3.6622061288245367,8.82268699999986,2026-04-02T17.39.33.0171905-J427T7V0-8374-DMT101-TTG625-DMTDUMMY.xml,2026-04-02T17.20.12.1373151-J427T7V0-8374-TFK658-TTG625-MFG7152C19DTFK.xml
AANBD055TEC2,18.0,18.0,19.3019,19.3019,8651.068,8641.490234,1.8411646368535322,9.577765999998519,2026-04-02T17.39.33.0171905-J427T7V0-8374-DMT101-TTG625-DMTDUMMY.xml,2026-04-02T17.20.12.1373151-J427T7V0-8374-TFK658-TTG625-MFG7152C19DTFK.xml
AANBD055TEC2,18.0,-21.0,19.3019,-19.3019,8650.809,8640.549805,2.1397399888771536,10.259194999998726,2026-04-02T17.39.33.0171905-J427T7V0-8374-DMT101-TTG625-DMTDUMMY.xml,2026-04-02T17.20.12.1373151-J427T7V0-8374-TFK658-TTG625-MFG7152C19DTFK.xml
AANBD055TEC2,-48.0,-36.0,-47.4578,-36.4348,8645.698,8639.900391,0.6950049496226653,5.797609000001103,2026-04-02T17.39.33.0171905-J427T7V0-8374-DMT101-TTG625-DMTDUMMY.xml,2026-04-02T17.20.12.1373151-J427T7V0-8374-TFK658-TTG625-MFG7152C19DTFK.xml
AANBD055TEC2,-57.0,18.0,-57.9062,19.3019,8648.218,8638.990234,1.5862351811758546,9.227765999999974,2026-04-02T17.39.33.0171905-J427T7V0-8374-DMT101-TTG625-DMTDUMMY.xml,2026-04-02T17.20.12.1373151-J427T7V0-8374-TFK658-TTG625-MFG7152C19DTFK.xml
AANBD055TEC2,-18.0,-57.0,-19.3019,-57.9062,8646.292,8638.740234,1.5862351811758546,7.551765999998679,2026-04-02T17.39.33.0171905-J427T7V0-8374-DMT101-TTG625-DMTDUMMY.xml,2026-04-02T17.20.12.1373151-J427T7V0-8374-TFK658-TTG625-MFG7152C19DTFK.xml
AANBD055TEC2,-18.0,57.0,-19.3019,57.9062,8650.662,8642.200195,1.5862351811758546,8.461805000000822,2026-04-02T17.39.33.0171905-J427T7V0-8374-DMT101-TTG625-DMTDUMMY.xml,2026-04-02T17.20.12.1373151-J427T7V0-8374-TFK658-TTG625-MFG7152C19DTFK.xml
AANBD055TEC2,72.0,-3.0,71.2039,-3.6622,8631.967,8626.379883,1.035511491969062,5.587117000000944,2026-04-02T17.39.33.0171905-J427T7V0-8374-DMT101-TTG625-DMTDUMMY.xml,2026-04-02T17.20.12.1373151-J427T7V0-8374-TFK658-TTG625-MFG7152C19DTFK.xml
AANBD055TEC2,57.0,57.0,57.9062,57.9062,8630.708,8619.830078,1.2815603302224963,10.877921999999671,2026-04-02T17.39.33.0171905-J427T7V0-8374-DMT101-TTG625-DMTDUMMY.xml,2026-04-02T17.20.12.1373151-J427T7V0-8374-TFK658-TTG625-MFG7152C19DTFK.xml
AANBD055TEC2,-72.0,63.0,-71.1902,61.8829,8620.463,8612.679688,1.37974216794298,7.783311999999569,2026-04-02T17.39.33.0171905-J427T7V0-8374-DMT101-TTG625-DMTDUMMY.xml,2026-04-02T17.20.12.1373151-J427T7V0-8374-TFK658-TTG625-MFG7152C19DTFK.xml
AANBD055TEC2,18.0,-96.0,19.3019,-96.51,8614.141,8607.610352,1.398228740228152,6.530647999999928,2026-04-02T17.39.33.0171905-J427T7V0-8374-DMT101-TTG625-DMTDUMMY.xml,2026-04-02T17.20.12.1373151-J427T7V0-8374-TFK658-TTG625-MFG7152C19DTFK.xml
AANBD055TEC2,18.0,96.0,19.3019,96.51,8618.336,8608.879883,1.398228740228152,9.456116999999722,2026-04-02T17.39.33.0171905-J427T7V0-8374-DMT101-TTG625-DMTDUMMY.xml,2026-04-02T17.20.12.1373151-J427T7V0-8374-TFK658-TTG625-MFG7152C19DTFK.xml
AANBD055TEC2,96.0,18.0,96.51,19.3019,8614.255,8605.929688,1.398228740228152,8.32531199999903,2026-04-02T17.39.33.0171905-J427T7V0-8374-DMT101-TTG625-DMTDUMMY.xml,2026-04-02T17.20.12.1373151-J427T7V0-8374-TFK658-TTG625-MFG7152C19DTFK.xml
AANBD055TEC2,72.0,-69.0,71.2039,-69.2075,8612.899,8605.75,0.8226976722952309,7.1489999999994325,2026-04-02T17.39.33.0171905-J427T7V0-8374-DMT101-TTG625-DMTDUMMY.xml,2026-04-02T17.20.12.1373151-J427T7V0-8374-TFK658-TTG625-MFG7152C19DTFK.xml
AANBD055TEC2,-96.0,-57.0,-96.51,-57.9062,8602.102,8594.589844,1.0398550091238692,7.512156000000687,2026-04-02T17.39.33.0171905-J427T7V0-8374-DMT101-TTG625-DMTDUMMY.xml,2026-04-02T17.20.12.1373151-J427T7V0-8374-TFK658-TTG625-MFG7152C19DTFK.xml
AANBD055TEC2,-57.0,-96.0,-57.9062,-96.51,8601.523,8592.419922,1.0398550091238692,9.103078000000096,2026-04-02T17.39.33.0171905-J427T7V0-8374-DMT101-TTG625-DMTDUMMY.xml,2026-04-02T17.20.12.1373151-J427T7V0-8374-TFK658-TTG625-MFG7152C19DTFK.xml
AANBD055TEC2,-57.0,96.0,-57.9062,96.51,8610.498,8598.769531,1.0398550091238692,11.728468999999677,2026-04-02T17.39.33.0171905-J427T7V0-8374-DMT101-TTG625-DMTDUMMY.xml,2026-04-02T17.20.12.1373151-J427T7V0-8374-TFK658-TTG625-MFG7152C19DTFK.xml
AANBD055TEC2,96.0,63.0,94.9361,61.8829,8604.455,8597.860352,1.5426586206935122,6.594648000000234,2026-04-02T17.39.33.0171905-J427T7V0-8374-DMT101-TTG625-DMTDUMMY.xml,2026-04-02T17.20.12.1373151-J427T7V0-8374-TFK658-TTG625-MFG7152C19DTFK.xml
AANBD055TEC2,-120.0,-3.0,-118.655,-3.6622,8593.602,8588.5,1.4991777212859043,5.102000000000771,2026-04-02T17.39.33.0171905-J427T7V0-8374-DMT101-TTG625-DMTDUMMY.xml,2026-04-02T17.20.12.1373151-J427T7V0-8374-TFK658-TTG625-MFG7152C19DTFK.xml
AANBD055TEC2,0.0,126.0,0.0067,127.428,8601.306,8592.129883,1.4280157177006112,9.176117000000886,2026-04-02T17.39.33.0171905-J427T7V0-8374-DMT101-TTG625-DMTDUMMY.xml,2026-04-02T17.20.12.1373151-J427T7V0-8374-TFK658-TTG625-MFG7152C19DTFK.xml
AANBD055TEC2,0.0,-135.0,0.0067,-134.7529999,8595.112,8587.549805,0.24709095369926845,7.56219499999861,2026-04-02T17.39.33.0171905-J427T7V0-8374-DMT101-TTG625-DMTDUMMY.xml,2026-04-02T17.20.12.1373151-J427T7V0-8374-TFK658-TTG625-MFG7152C19DTFK.xml
AANBD055TEC2,-96.0,96.0,-96.51,96.51,8598.539,8589.929688,0.7212489168102857,8.6093120000005,2026-04-02T17.39.33.0171905-J427T7V0-8374-DMT101-TTG625-DMTDUMMY.xml,2026-04-02T17.20.12.1373151-J427T7V0-8374-TFK658-TTG625-MFG7152C19DTFK.xml
AANBD055TEC2,96.0,-96.0,96.51,-96.51,8597.865,8587.709961,0.7212489168102857,10.155038999999306,2026-04-02T17.39.33.0171905-J427T7V0-8374-DMT101-TTG625-DMTDUMMY.xml,2026-04-02T17.20.12.1373151-J427T7V0-8374-TFK658-TTG625-MFG7152C19DTFK.xml
AANBD055TEC2,135.0,18.0,136.2,19.3019,8598.364,8587.919922,1.7705771968485227,10.444078000000445,2026-04-02T17.39.33.0171905-J427T7V0-8374-DMT101-TTG625-DMTDUMMY.xml,2026-04-02T17.20.12.1373151-J427T7V0-8374-TFK658-TTG625-MFG7152C19DTFK.xml
AANBD055TEC2,72.0,126.0,71.2039,127.428,8606.915,8599.919922,1.6349187166339447,6.99507800000174,2026-04-02T17.39.33.0171905-J427T7V0-8374-DMT101-TTG625-DMTDUMMY.xml,2026-04-02T17.20.12.1373151-J427T7V0-8374-TFK658-TTG625-MFG7152C19DTFK.xml
AANBD055TEC2,141.0,-36.0,142.401,-36.4348,8603.374,8609.160156,1.466919234313884,-5.786156000000119,2026-04-02T17.39.33.0171905-J427T7V0-8374-DMT101-TTG625-DMTDUMMY.xml,2026-04-02T17.20.12.1373151-J427T7V0-8374-TFK658-TTG625-MFG7152C19DTFK.xml
AANBD055TEC2,-135.0,-57.0,-136.2,-57.9062,8639.234,8648.089844,1.503728180224062,-8.855843999999706,2026-04-02T17.39.33.0171905-J427T7V0-8374-DMT101-TTG625-DMTDUMMY.xml,2026-04-02T17.20.12.1373151-J427T7V0-8374-TFK658-TTG625-MFG7152C19DTFK.xml
AANBD055TEC2,-135.0,57.0,-136.2,57.9062,8642.265,8647.629883,1.503728180224062,-5.364883000000191,2026-04-02T17.39.33.0171905-J427T7V0-8374-DMT101-TTG625-DMTDUMMY.xml,2026-04-02T17.20.12.1373151-J427T7V0-8374-TFK658-TTG625-MFG7152C19DTFK.xml
AANBD055TEC2,-57.0,-135.0,-57.9062,-136.2,8646.074,8661.240234,1.503728180224062,-15.166234000000259,2026-04-02T17.39.33.0171905-J427T7V0-8374-DMT101-TTG625-DMTDUMMY.xml,2026-04-02T17.20.12.1373151-J427T7V0-8374-TFK658-TTG625-MFG7152C19DTFK.xml
AANBD055TEC2,-57.0,135.0,-57.9062,136.2,8649.191,8655.070313,1.503728180224062,-5.879312999999456,2026-04-02T17.39.33.0171905-J427T7V0-8374-DMT101-TTG625-DMTDUMMY.xml,2026-04-02T17.20.12.1373151-J427T7V0-8374-TFK658-TTG625-MFG7152C19DTFK.xml
AANBD055TEC2,57.0,-135.0,57.9062,-136.2,8653.949,8668.129883,1.503728180224062,-14.180882999999085,2026-04-02T17.39.33.0171905-J427T7V0-8374-DMT101-TTG625-DMTDUMMY.xml,2026-04-02T17.20.12.1373151-J427T7V0-8374-TFK658-TTG625-MFG7152C19DTFK.xml
AANBD225TEB6,0.0,0.0,0.0067,-3.6622,8619.961,8604.25,3.6622061288245367,15.71099999999933,2026-03-26T10.25.24.6087352-LCTW01516-8374-DMT115-TTB134-DMTDUMMY.xml,2026-03-26T09.22.48.2544075-LCTW01516-8374-TFK658-TTB134-MFG7152C19DTFK.xml
AANBD225TEB6,18.0,18.0,19.3019,19.3019,8610.715,8599.620117,1.8411646368535322,11.094882999999754,2026-03-26T10.25.24.6087352-LCTW01516-8374-DMT115-TTB134-DMTDUMMY.xml,2026-03-26T09.22.48.2544075-LCTW01516-8374-TFK658-TTB134-MFG7152C19DTFK.xml
AANBD225TEB6,18.0,-21.0,19.3019,-19.3019,8612.489,8598.230469,2.1397399888771536,14.258530999999493,2026-03-26T10.25.24.6087352-LCTW01516-8374-DMT115-TTB134-DMTDUMMY.xml,2026-03-26T09.22.48.2544075-LCTW01516-8374-TFK658-TTB134-MFG7152C19DTFK.xml
AANBD225TEB6,-48.0,-36.0,-47.4578,-36.4348,8604.255,8593.019531,0.6950049496226653,11.235468999999284,2026-03-26T10.25.24.6087352-LCTW01516-8374-DMT115-TTB134-DMTDUMMY.xml,2026-03-26T09.22.48.2544075-LCTW01516-8374-TFK658-TTB134-MFG7152C19DTFK.xml
AANBD225TEB6,-57.0,18.0,-57.9062,19.3019,8606.547,8593.139648,1.5862351811758546,13.407352000000174,2026-03-26T10.25.24.6087352-LCTW01516-8374-DMT115-TTB134-DMTDUMMY.xml,2026-03-26T09.22.48.2544075-LCTW01516-8374-TFK658-TTB134-MFG7152C19DTFK.xml
AANBD225TEB6,-18.0,-57.0,-19.3019,-57.9062,8603.461,8591.490234,1.5862351811758546,11.970765999998548,2026-03-26T10.25.24.6087352-LCTW01516-8374-DMT115-TTB134-DMTDUMMY.xml,2026-03-26T09.22.48.2544075-LCTW01516-8374-TFK658-TTB134-MFG7152C19DTFK.xml
AANBD225TEB6,-18.0,57.0,-19.3019,57.9062,8605.955,8591.769531,1.5862351811758546,14.185469000000012,2026-03-26T10.25.24.6087352-LCTW01516-8374-DMT115-TTB134-DMTDUMMY.xml,2026-03-26T09.22.48.2544075-LCTW01516-8374-TFK658-TTB134-MFG7152C19DTFK.xml
AANBD225TEB6,72.0,-3.0,71.2039,-3.6622,8586.271,8574.790039,1.035511491969062,11.480961000001116,2026-03-26T10.25.24.6087352-LCTW01516-8374-DMT115-TTB134-DMTDUMMY.xml,2026-03-26T09.22.48.2544075-LCTW01516-8374-TFK658-TTB134-MFG7152C19DTFK.xml
AANBD225TEB6,57.0,57.0,57.9062,57.9062,8584.363,8571.209961,1.2815603302224963,13.153038999998898,2026-03-26T10.25.24.6087352-LCTW01516-8374-DMT115-TTB134-DMTDUMMY.xml,2026-03-26T09.22.48.2544075-LCTW01516-8374-TFK658-TTB134-MFG7152C19DTFK.xml
AANBD225TEB6,-72.0,63.0,-71.1902,61.8829,8578.266,8562.769531,1.37974216794298,15.496468999999706,2026-03-26T10.25.24.6087352-LCTW01516-8374-DMT115-TTB134-DMTDUMMY.xml,2026-03-26T09.22.48.2544075-LCTW01516-8374-TFK658-TTB134-MFG7152C19DTFK.xml
AANBD225TEB6,18.0,-96.0,19.3019,-96.51,8572.894,8558.25,1.398228740228152,14.644000000000233,2026-03-26T10.25.24.6087352-LCTW01516-8374-DMT115-TTB134-DMTDUMMY.xml,2026-03-26T09.22.48.2544075-LCTW01516-8374-TFK658-TTB134-MFG7152C19DTFK.xml
AANBD225TEB6,18.0,96.0,19.3019,96.51,8576.445,8563.870117,1.398228740228152,12.574882999999318,2026-03-26T10.25.24.6087352-LCTW01516-8374-DMT115-TTB134-DMTDUMMY.xml,2026-03-26T09.22.48.2544075-LCTW01516-8374-TFK658-TTB134-MFG7152C19DTFK.xml
AANBD225TEB6,96.0,18.0,96.51,19.3019,8569.899,8553.490234,1.398228740228152,16.40876599999865,2026-03-26T10.25.24.6087352-LCTW01516-8374-DMT115-TTB134-DMTDUMMY.xml,2026-03-26T09.22.48.2544075-LCTW01516-8374-TFK658-TTB134-MFG7152C19DTFK.xml
AANBD225TEB6,72.0,-69.0,71.2039,-69.2075,8570.686,8557.740234,0.8226976722952309,12.945765999998912,2026-03-26T10.25.24.6087352-LCTW01516-8374-DMT115-TTB134-DMTDUMMY.xml,2026-03-26T09.22.48.2544075-LCTW01516-8374-TFK658-TTB134-MFG7152C19DTFK.xml
AANBD225TEB6,-96.0,-57.0,-96.51,-57.9062,8563.693,8550.790039,1.0398550091238692,12.902960999999777,2026-03-26T10.25.24.6087352-LCTW01516-8374-DMT115-TTB134-DMTDUMMY.xml,2026-03-26T09.22.48.2544075-LCTW01516-8374-TFK658-TTB134-MFG7152C19DTFK.xml
AANBD225TEB6,-57.0,-96.0,-57.9062,-96.51,8564.79,8547.44043,1.0398550091238692,17.349570000000313,2026-03-26T10.25.24.6087352-LCTW01516-8374-DMT115-TTB134-DMTDUMMY.xml,2026-03-26T09.22.48.2544075-LCTW01516-8374-TFK658-TTB134-MFG7152C19DTFK.xml
AANBD225TEB6,-57.0,96.0,-57.9062,96.51,8569.183,8553.169922,1.0398550091238692,16.01307800000177,2026-03-26T10.25.24.6087352-LCTW01516-8374-DMT115-TTB134-DMTDUMMY.xml,2026-03-26T09.22.48.2544075-LCTW01516-8374-TFK658-TTB134-MFG7152C19DTFK.xml
AANBD225TEB6,96.0,63.0,94.9361,61.8829,8559.688,8547.099609,1.5426586206935122,12.58839099999932,2026-03-26T10.25.24.6087352-LCTW01516-8374-DMT115-TTB134-DMTDUMMY.xml,2026-03-26T09.22.48.2544075-LCTW01516-8374-TFK658-TTB134-MFG7152C19DTFK.xml
AANBD225TEB6,-120.0,-3.0,-118.655,-3.6622,8558.129,8545.459961,1.4991777212859043,12.669039000000339,2026-03-26T10.25.24.6087352-LCTW01516-8374-DMT115-TTB134-DMTDUMMY.xml,2026-03-26T09.22.48.2544075-LCTW01516-8374-TFK658-TTB134-MFG7152C19DTFK.xml
AANBD225TEB6,0.0,126.0,0.0067,127.428,8561.961,8546.049805,1.4280157177006112,15.91119499999877,2026-03-26T10.25.24.6087352-LCTW01516-8374-DMT115-TTB134-DMTDUMMY.xml,2026-03-26T09.22.48.2544075-LCTW01516-8374-TFK658-TTB134-MFG7152C19DTFK.xml
AANBD225TEB6,0.0,-135.0,0.0067,-134.7529999,8552.645,8540.299805,0.24709095369926845,12.345194999999876,2026-03-26T10.25.24.6087352-LCTW01516-8374-DMT115-TTB134-DMTDUMMY.xml,2026-03-26T09.22.48.2544075-LCTW01516-8374-TFK658-TTB134-MFG7152C19DTFK.xml
AANBD225TEB6,-96.0,96.0,-96.51,96.51,8565.475,8547.230469,0.7212489168102857,18.24453100000028,2026-03-26T10.25.24.6087352-LCTW01516-8374-DMT115-TTB134-DMTDUMMY.xml,2026-03-26T09.22.48.2544075-LCTW01516-8374-TFK658-TTB134-MFG7152C19DTFK.xml
AANBD225TEB6,96.0,-96.0,96.51,-96.51,8550.884,8538.919922,0.7212489168102857,11.964078000000882,2026-03-26T10.25.24.6087352-LCTW01516-8374-DMT115-TTB134-DMTDUMMY.xml,2026-03-26T09.22.48.2544075-LCTW01516-8374-TFK658-TTB134-MFG7152C19DTFK.xml
AANBD225TEB6,135.0,18.0,136.2,19.3019,8549.698,8534.730469,1.7705771968485227,14.967531000000236,2026-03-26T10.25.24.6087352-LCTW01516-8374-DMT115-TTB134-DMTDUMMY.xml,2026-03-26T09.22.48.2544075-LCTW01516-8374-TFK658-TTB134-MFG7152C19DTFK.xml
AANBD225TEB6,72.0,126.0,71.2039,127.428,8562.589,8553.610352,1.6349187166339447,8.978648000000248,2026-03-26T10.25.24.6087352-LCTW01516-8374-DMT115-TTB134-DMTDUMMY.xml,2026-03-26T09.22.48.2544075-LCTW01516-8374-TFK658-TTB134-MFG7152C19DTFK.xml
AANBD225TEB6,141.0,-36.0,142.401,-36.4348,8554.114,8550.25,1.466919234313884,3.863999999999578,2026-03-26T10.25.24.6087352-LCTW01516-8374-DMT115-TTB134-DMTDUMMY.xml,2026-03-26T09.22.48.2544075-LCTW01516-8374-TFK658-TTB134-MFG7152C19DTFK.xml
AANBD225TEB6,-135.0,-57.0,-136.2,-57.9062,8605.896,8611.209961,1.503728180224062,-5.313960999999836,2026-03-26T10.25.24.6087352-LCTW01516-8374-DMT115-TTB134-DMTDUMMY.xml,2026-03-26T09.22.48.2544075-LCTW01516-8374-TFK658-TTB134-MFG7152C19DTFK.xml
AANBD225TEB6,-135.0,57.0,-136.2,57.9062,8609.097,8622.730469,1.503728180224062,-13.633469000000332,2026-03-26T10.25.24.6087352-LCTW01516-8374-DMT115-TTB134-DMTDUMMY.xml,2026-03-26T09.22.48.2544075-LCTW01516-8374-TFK658-TTB134-MFG7152C19DTFK.xml
AANBD225TEB6,-57.0,-135.0,-57.9062,-136.2,8610.761,8606.160156,1.503728180224062,4.600844000000507,2026-03-26T10.25.24.6087352-LCTW01516-8374-DMT115-TTB134-DMTDUMMY.xml,2026-03-26T09.22.48.2544075-LCTW01516-8374-TFK658-TTB134-MFG7152C19DTFK.xml
AANBD225TEB6,-57.0,135.0,-57.9062,136.2,8613.558,8632.219727,1.503728180224062,-18.66172699999879,2026-03-26T10.25.24.6087352-LCTW01516-8374-DMT115-TTB134-DMTDUMMY.xml,2026-03-26T09.22.48.2544075-LCTW01516-8374-TFK658-TTB134-MFG7152C19DTFK.xml
AANBD225TEB6,57.0,-135.0,57.9062,-136.2,8602.839,8594.639648,1.503728180224062,8.199351999999635,2026-03-26T10.25.24.6087352-LCTW01516-8374-DMT115-TTB134-DMTDUMMY.xml,2026-03-26T09.22.48.2544075-LCTW01516-8374-TFK658-TTB134-MFG7152C19DTFK.xml
