WaferID,DMT_X_mm,DMT_Y_mm,DMT_Thickness,TFK_X_mm,TFK_Y_mm,TFK_Thickness,Distance_mm,Thickness_Delta,DMT_File,TFK_File
AANBD067TEA4,0.0,0.0,8659.185,0.0067,-3.6622,8649.450195,3.6622061288245367,9.734805000000051,2026-04-02T17.39.33.0171905-J427T7V0-8374-DMT101-TTG625-DMTDUMMY.xml,2026-04-02T17.20.12.1373151-J427T7V0-8374-TFK658-TTG625-MFG7152C19DTFK.xml
AANBD067TEA4,18.0,18.0,8655.135,19.3019,19.3019,8645.0,1.8411646368535322,10.135000000000218,2026-04-02T17.39.33.0171905-J427T7V0-8374-DMT101-TTG625-DMTDUMMY.xml,2026-04-02T17.20.12.1373151-J427T7V0-8374-TFK658-TTG625-MFG7152C19DTFK.xml
AANBD067TEA4,18.0,-21.0,8653.763,19.3019,-19.3019,8645.230469,2.1397399888771536,8.532531000000745,2026-04-02T17.39.33.0171905-J427T7V0-8374-DMT101-TTG625-DMTDUMMY.xml,2026-04-02T17.20.12.1373151-J427T7V0-8374-TFK658-TTG625-MFG7152C19DTFK.xml
AANBD067TEA4,-48.0,-36.0,8650.501,-47.4578,-36.4348,8644.44043,0.6950049496226653,6.060569999999643,2026-04-02T17.39.33.0171905-J427T7V0-8374-DMT101-TTG625-DMTDUMMY.xml,2026-04-02T17.20.12.1373151-J427T7V0-8374-TFK658-TTG625-MFG7152C19DTFK.xml
AANBD067TEA4,-57.0,18.0,8651.891,-57.9062,19.3019,8641.709961,1.5862351811758546,10.181038999999146,2026-04-02T17.39.33.0171905-J427T7V0-8374-DMT101-TTG625-DMTDUMMY.xml,2026-04-02T17.20.12.1373151-J427T7V0-8374-TFK658-TTG625-MFG7152C19DTFK.xml
AANBD067TEA4,-18.0,-57.0,8649.92,-19.3019,-57.9062,8643.299805,1.5862351811758546,6.620194999999512,2026-04-02T17.39.33.0171905-J427T7V0-8374-DMT101-TTG625-DMTDUMMY.xml,2026-04-02T17.20.12.1373151-J427T7V0-8374-TFK658-TTG625-MFG7152C19DTFK.xml
AANBD067TEA4,-18.0,57.0,8651.61,-19.3019,57.9062,8643.379883,1.5862351811758546,8.230117000000973,2026-04-02T17.39.33.0171905-J427T7V0-8374-DMT101-TTG625-DMTDUMMY.xml,2026-04-02T17.20.12.1373151-J427T7V0-8374-TFK658-TTG625-MFG7152C19DTFK.xml
AANBD067TEA4,72.0,-3.0,8631.938,71.2039,-3.6622,8629.519531,1.035511491969062,2.4184690000001865,2026-04-02T17.39.33.0171905-J427T7V0-8374-DMT101-TTG625-DMTDUMMY.xml,2026-04-02T17.20.12.1373151-J427T7V0-8374-TFK658-TTG625-MFG7152C19DTFK.xml
AANBD067TEA4,57.0,57.0,8627.901,57.9062,57.9062,8620.450195,1.2815603302224963,7.4508050000004005,2026-04-02T17.39.33.0171905-J427T7V0-8374-DMT101-TTG625-DMTDUMMY.xml,2026-04-02T17.20.12.1373151-J427T7V0-8374-TFK658-TTG625-MFG7152C19DTFK.xml
AANBD067TEA4,-72.0,63.0,8613.703,-71.1902,61.8829,8606.610352,1.37974216794298,7.092647999999826,2026-04-02T17.39.33.0171905-J427T7V0-8374-DMT101-TTG625-DMTDUMMY.xml,2026-04-02T17.20.12.1373151-J427T7V0-8374-TFK658-TTG625-MFG7152C19DTFK.xml
AANBD067TEA4,18.0,-96.0,8613.842,19.3019,-96.51,8606.490234,1.398228740228152,7.35176599999977,2026-04-02T17.39.33.0171905-J427T7V0-8374-DMT101-TTG625-DMTDUMMY.xml,2026-04-02T17.20.12.1373151-J427T7V0-8374-TFK658-TTG625-MFG7152C19DTFK.xml
AANBD067TEA4,18.0,96.0,8616.296,19.3019,96.51,8609.209961,1.398228740228152,7.086038999999801,2026-04-02T17.39.33.0171905-J427T7V0-8374-DMT101-TTG625-DMTDUMMY.xml,2026-04-02T17.20.12.1373151-J427T7V0-8374-TFK658-TTG625-MFG7152C19DTFK.xml
AANBD067TEA4,96.0,18.0,8615.084,96.51,19.3019,8604.860352,1.398228740228152,10.223648000001049,2026-04-02T17.39.33.0171905-J427T7V0-8374-DMT101-TTG625-DMTDUMMY.xml,2026-04-02T17.20.12.1373151-J427T7V0-8374-TFK658-TTG625-MFG7152C19DTFK.xml
AANBD067TEA4,72.0,-69.0,8616.113,71.2039,-69.2075,8605.620117,0.8226976722952309,10.492882999998983,2026-04-02T17.39.33.0171905-J427T7V0-8374-DMT101-TTG625-DMTDUMMY.xml,2026-04-02T17.20.12.1373151-J427T7V0-8374-TFK658-TTG625-MFG7152C19DTFK.xml
AANBD067TEA4,-96.0,-57.0,8600.625,-96.51,-57.9062,8592.839844,1.0398550091238692,7.785155999999915,2026-04-02T17.39.33.0171905-J427T7V0-8374-DMT101-TTG625-DMTDUMMY.xml,2026-04-02T17.20.12.1373151-J427T7V0-8374-TFK658-TTG625-MFG7152C19DTFK.xml
AANBD067TEA4,-57.0,-96.0,8600.43,-57.9062,-96.51,8591.379883,1.0398550091238692,9.050117000000682,2026-04-02T17.39.33.0171905-J427T7V0-8374-DMT101-TTG625-DMTDUMMY.xml,2026-04-02T17.20.12.1373151-J427T7V0-8374-TFK658-TTG625-MFG7152C19DTFK.xml
AANBD067TEA4,-57.0,96.0,8602.014,-57.9062,96.51,8593.009766,1.0398550091238692,9.004233999999997,2026-04-02T17.39.33.0171905-J427T7V0-8374-DMT101-TTG625-DMTDUMMY.xml,2026-04-02T17.20.12.1373151-J427T7V0-8374-TFK658-TTG625-MFG7152C19DTFK.xml
AANBD067TEA4,96.0,63.0,8602.336,94.9361,61.8829,8597.330078,1.5426586206935122,5.005921999998463,2026-04-02T17.39.33.0171905-J427T7V0-8374-DMT101-TTG625-DMTDUMMY.xml,2026-04-02T17.20.12.1373151-J427T7V0-8374-TFK658-TTG625-MFG7152C19DTFK.xml
AANBD067TEA4,-120.0,-3.0,8594.083,-118.655,-3.6622,8587.650391,1.4991777212859043,6.432609000001321,2026-04-02T17.39.33.0171905-J427T7V0-8374-DMT101-TTG625-DMTDUMMY.xml,2026-04-02T17.20.12.1373151-J427T7V0-8374-TFK658-TTG625-MFG7152C19DTFK.xml
AANBD067TEA4,0.0,126.0,8599.432,0.0067,127.428,8590.959961,1.4280157177006112,8.472039000000223,2026-04-02T17.39.33.0171905-J427T7V0-8374-DMT101-TTG625-DMTDUMMY.xml,2026-04-02T17.20.12.1373151-J427T7V0-8374-TFK658-TTG625-MFG7152C19DTFK.xml
AANBD067TEA4,0.0,-135.0,8596.149,0.0067,-134.7529999,8591.349609,0.24709095369926845,4.79939099999865,2026-04-02T17.39.33.0171905-J427T7V0-8374-DMT101-TTG625-DMTDUMMY.xml,2026-04-02T17.20.12.1373151-J427T7V0-8374-TFK658-TTG625-MFG7152C19DTFK.xml
AANBD067TEA4,-96.0,96.0,8593.494,-96.51,96.51,8584.0,0.7212489168102857,9.494000000000597,2026-04-02T17.39.33.0171905-J427T7V0-8374-DMT101-TTG625-DMTDUMMY.xml,2026-04-02T17.20.12.1373151-J427T7V0-8374-TFK658-TTG625-MFG7152C19DTFK.xml
AANBD067TEA4,96.0,-96.0,8601.415,96.51,-96.51,8593.599609,0.7212489168102857,7.815391000000091,2026-04-02T17.39.33.0171905-J427T7V0-8374-DMT101-TTG625-DMTDUMMY.xml,2026-04-02T17.20.12.1373151-J427T7V0-8374-TFK658-TTG625-MFG7152C19DTFK.xml
AANBD067TEA4,135.0,18.0,8597.159,136.2,19.3019,8590.44043,1.7705771968485227,6.71856999999909,2026-04-02T17.39.33.0171905-J427T7V0-8374-DMT101-TTG625-DMTDUMMY.xml,2026-04-02T17.20.12.1373151-J427T7V0-8374-TFK658-TTG625-MFG7152C19DTFK.xml
AANBD067TEA4,72.0,126.0,8605.934,71.2039,127.428,8604.459961,1.6349187166339447,1.474038999998811,2026-04-02T17.39.33.0171905-J427T7V0-8374-DMT101-TTG625-DMTDUMMY.xml,2026-04-02T17.20.12.1373151-J427T7V0-8374-TFK658-TTG625-MFG7152C19DTFK.xml
AANBD067TEA4,141.0,-36.0,8607.465,142.401,-36.4348,8614.450195,1.466919234313884,-6.985194999999294,2026-04-02T17.39.33.0171905-J427T7V0-8374-DMT101-TTG625-DMTDUMMY.xml,2026-04-02T17.20.12.1373151-J427T7V0-8374-TFK658-TTG625-MFG7152C19DTFK.xml
AANBD067TEA4,-135.0,-57.0,8625.814,-136.2,-57.9062,8651.889648,1.503728180224062,-26.075648,2026-04-02T17.39.33.0171905-J427T7V0-8374-DMT101-TTG625-DMTDUMMY.xml,2026-04-02T17.20.12.1373151-J427T7V0-8374-TFK658-TTG625-MFG7152C19DTFK.xml
AANBD067TEA4,-135.0,57.0,8620.157,-136.2,57.9062,8652.700195,1.503728180224062,-32.543195000000196,2026-04-02T17.39.33.0171905-J427T7V0-8374-DMT101-TTG625-DMTDUMMY.xml,2026-04-02T17.20.12.1373151-J427T7V0-8374-TFK658-TTG625-MFG7152C19DTFK.xml
AANBD067TEA4,-57.0,-135.0,8632.329,-57.9062,-136.2,8666.040039,1.503728180224062,-33.7110389999998,2026-04-02T17.39.33.0171905-J427T7V0-8374-DMT101-TTG625-DMTDUMMY.xml,2026-04-02T17.20.12.1373151-J427T7V0-8374-TFK658-TTG625-MFG7152C19DTFK.xml
AANBD067TEA4,-57.0,135.0,8627.545,-57.9062,136.2,8657.639648,1.503728180224062,-30.094648000000234,2026-04-02T17.39.33.0171905-J427T7V0-8374-DMT101-TTG625-DMTDUMMY.xml,2026-04-02T17.20.12.1373151-J427T7V0-8374-TFK658-TTG625-MFG7152C19DTFK.xml
AANBD067TEA4,57.0,-135.0,8635.98,57.9062,-136.2,8673.290039,1.503728180224062,-37.31003899999996,2026-04-02T17.39.33.0171905-J427T7V0-8374-DMT101-TTG625-DMTDUMMY.xml,2026-04-02T17.20.12.1373151-J427T7V0-8374-TFK658-TTG625-MFG7152C19DTFK.xml
AANBD228TEH1,0.0,0.0,8622.196,0.0067,-3.6622,8605.730469,3.6622061288245367,16.465530999999828,2026-03-26T10.25.24.6087352-LCTW01516-8374-DMT115-TTB134-DMTDUMMY.xml,2026-03-26T09.22.48.2544075-LCTW01516-8374-TFK658-TTB134-MFG7152C19DTFK.xml
AANBD228TEH1,18.0,18.0,8608.975,19.3019,19.3019,8591.849609,1.8411646368535322,17.12539099999958,2026-03-26T10.25.24.6087352-LCTW01516-8374-DMT115-TTB134-DMTDUMMY.xml,2026-03-26T09.22.48.2544075-LCTW01516-8374-TFK658-TTB134-MFG7152C19DTFK.xml
AANBD228TEH1,18.0,-21.0,8604.619,19.3019,-19.3019,8591.730469,2.1397399888771536,12.888531000000512,2026-03-26T10.25.24.6087352-LCTW01516-8374-DMT115-TTB134-DMTDUMMY.xml,2026-03-26T09.22.48.2544075-LCTW01516-8374-TFK658-TTB134-MFG7152C19DTFK.xml
AANBD228TEH1,-48.0,-36.0,8599.347,-47.4578,-36.4348,8586.75,0.6950049496226653,12.596999999999753,2026-03-26T10.25.24.6087352-LCTW01516-8374-DMT115-TTB134-DMTDUMMY.xml,2026-03-26T09.22.48.2544075-LCTW01516-8374-TFK658-TTB134-MFG7152C19DTFK.xml
AANBD228TEH1,-57.0,18.0,8601.713,-57.9062,19.3019,8586.200195,1.5862351811758546,15.512805000000299,2026-03-26T10.25.24.6087352-LCTW01516-8374-DMT115-TTB134-DMTDUMMY.xml,2026-03-26T09.22.48.2544075-LCTW01516-8374-TFK658-TTB134-MFG7152C19DTFK.xml
AANBD228TEH1,-18.0,-57.0,8595.518,-19.3019,-57.9062,8581.5,1.5862351811758546,14.018000000000029,2026-03-26T10.25.24.6087352-LCTW01516-8374-DMT115-TTB134-DMTDUMMY.xml,2026-03-26T09.22.48.2544075-LCTW01516-8374-TFK658-TTB134-MFG7152C19DTFK.xml
AANBD228TEH1,-18.0,57.0,8598.661,-19.3019,57.9062,8580.959961,1.5862351811758546,17.701038999999582,2026-03-26T10.25.24.6087352-LCTW01516-8374-DMT115-TTB134-DMTDUMMY.xml,2026-03-26T09.22.48.2544075-LCTW01516-8374-TFK658-TTB134-MFG7152C19DTFK.xml
AANBD228TEH1,72.0,-3.0,8580.231,71.2039,-3.6622,8565.900391,1.035511491969062,14.33060900000055,2026-03-26T10.25.24.6087352-LCTW01516-8374-DMT115-TTB134-DMTDUMMY.xml,2026-03-26T09.22.48.2544075-LCTW01516-8374-TFK658-TTB134-MFG7152C19DTFK.xml
AANBD228TEH1,57.0,57.0,8579.568,57.9062,57.9062,8564.950195,1.2815603302224963,14.617804999999862,2026-03-26T10.25.24.6087352-LCTW01516-8374-DMT115-TTB134-DMTDUMMY.xml,2026-03-26T09.22.48.2544075-LCTW01516-8374-TFK658-TTB134-MFG7152C19DTFK.xml
AANBD228TEH1,-72.0,63.0,8574.35,-71.1902,61.8829,8560.280273,1.37974216794298,14.069727000000057,2026-03-26T10.25.24.6087352-LCTW01516-8374-DMT115-TTB134-DMTDUMMY.xml,2026-03-26T09.22.48.2544075-LCTW01516-8374-TFK658-TTB134-MFG7152C19DTFK.xml
AANBD228TEH1,18.0,-96.0,8567.323,19.3019,-96.51,8551.30957,1.398228740228152,16.01343000000088,2026-03-26T10.25.24.6087352-LCTW01516-8374-DMT115-TTB134-DMTDUMMY.xml,2026-03-26T09.22.48.2544075-LCTW01516-8374-TFK658-TTB134-MFG7152C19DTFK.xml
AANBD228TEH1,18.0,96.0,8571.969,19.3019,96.51,8557.549805,1.398228740228152,14.419194999998581,2026-03-26T10.25.24.6087352-LCTW01516-8374-DMT115-TTB134-DMTDUMMY.xml,2026-03-26T09.22.48.2544075-LCTW01516-8374-TFK658-TTB134-MFG7152C19DTFK.xml
AANBD228TEH1,96.0,18.0,8565.51,96.51,19.3019,8554.280273,1.398228740228152,11.229726999999912,2026-03-26T10.25.24.6087352-LCTW01516-8374-DMT115-TTB134-DMTDUMMY.xml,2026-03-26T09.22.48.2544075-LCTW01516-8374-TFK658-TTB134-MFG7152C19DTFK.xml
AANBD228TEH1,72.0,-69.0,8563.725,71.2039,-69.2075,8552.660156,0.8226976722952309,11.064844000000448,2026-03-26T10.25.24.6087352-LCTW01516-8374-DMT115-TTB134-DMTDUMMY.xml,2026-03-26T09.22.48.2544075-LCTW01516-8374-TFK658-TTB134-MFG7152C19DTFK.xml
AANBD228TEH1,-96.0,-57.0,8565.682,-96.51,-57.9062,8553.299805,1.0398550091238692,12.382195000000138,2026-03-26T10.25.24.6087352-LCTW01516-8374-DMT115-TTB134-DMTDUMMY.xml,2026-03-26T09.22.48.2544075-LCTW01516-8374-TFK658-TTB134-MFG7152C19DTFK.xml
AANBD228TEH1,-57.0,-96.0,8559.269,-57.9062,-96.51,8547.490234,1.0398550091238692,11.77876599999945,2026-03-26T10.25.24.6087352-LCTW01516-8374-DMT115-TTB134-DMTDUMMY.xml,2026-03-26T09.22.48.2544075-LCTW01516-8374-TFK658-TTB134-MFG7152C19DTFK.xml
AANBD228TEH1,-57.0,96.0,8566.248,-57.9062,96.51,8547.089844,1.0398550091238692,19.158155999999508,2026-03-26T10.25.24.6087352-LCTW01516-8374-DMT115-TTB134-DMTDUMMY.xml,2026-03-26T09.22.48.2544075-LCTW01516-8374-TFK658-TTB134-MFG7152C19DTFK.xml
AANBD228TEH1,96.0,63.0,8555.91,94.9361,61.8829,8542.990234,1.5426586206935122,12.919765999999072,2026-03-26T10.25.24.6087352-LCTW01516-8374-DMT115-TTB134-DMTDUMMY.xml,2026-03-26T09.22.48.2544075-LCTW01516-8374-TFK658-TTB134-MFG7152C19DTFK.xml
AANBD228TEH1,-120.0,-3.0,8560.94,-118.655,-3.6622,8546.549805,1.4991777212859043,14.390194999999949,2026-03-26T10.25.24.6087352-LCTW01516-8374-DMT115-TTB134-DMTDUMMY.xml,2026-03-26T09.22.48.2544075-LCTW01516-8374-TFK658-TTB134-MFG7152C19DTFK.xml
AANBD228TEH1,0.0,126.0,8555.691,0.0067,127.428,8541.959961,1.4280157177006112,13.731039000000237,2026-03-26T10.25.24.6087352-LCTW01516-8374-DMT115-TTB134-DMTDUMMY.xml,2026-03-26T09.22.48.2544075-LCTW01516-8374-TFK658-TTB134-MFG7152C19DTFK.xml
AANBD228TEH1,0.0,-135.0,8550.351,0.0067,-134.7529999,8537.089844,0.24709095369926845,13.261156000000483,2026-03-26T10.25.24.6087352-LCTW01516-8374-DMT115-TTB134-DMTDUMMY.xml,2026-03-26T09.22.48.2544075-LCTW01516-8374-TFK658-TTB134-MFG7152C19DTFK.xml
AANBD228TEH1,-96.0,96.0,8557.16,-96.51,96.51,8541.589844,0.7212489168102857,15.57015599999977,2026-03-26T10.25.24.6087352-LCTW01516-8374-DMT115-TTB134-DMTDUMMY.xml,2026-03-26T09.22.48.2544075-LCTW01516-8374-TFK658-TTB134-MFG7152C19DTFK.xml
AANBD228TEH1,96.0,-96.0,8553.382,96.51,-96.51,8539.969727,0.7212489168102857,13.412272999999914,2026-03-26T10.25.24.6087352-LCTW01516-8374-DMT115-TTB134-DMTDUMMY.xml,2026-03-26T09.22.48.2544075-LCTW01516-8374-TFK658-TTB134-MFG7152C19DTFK.xml
AANBD228TEH1,135.0,18.0,8551.655,136.2,19.3019,8539.0,1.7705771968485227,12.655000000000655,2026-03-26T10.25.24.6087352-LCTW01516-8374-DMT115-TTB134-DMTDUMMY.xml,2026-03-26T09.22.48.2544075-LCTW01516-8374-TFK658-TTB134-MFG7152C19DTFK.xml
AANBD228TEH1,72.0,126.0,8560.55,71.2039,127.428,8551.330078,1.6349187166339447,9.219921999998405,2026-03-26T10.25.24.6087352-LCTW01516-8374-DMT115-TTB134-DMTDUMMY.xml,2026-03-26T09.22.48.2544075-LCTW01516-8374-TFK658-TTB134-MFG7152C19DTFK.xml
AANBD228TEH1,141.0,-36.0,8553.754,142.401,-36.4348,8549.660156,1.466919234313884,4.0938440000008995,2026-03-26T10.25.24.6087352-LCTW01516-8374-DMT115-TTB134-DMTDUMMY.xml,2026-03-26T09.22.48.2544075-LCTW01516-8374-TFK658-TTB134-MFG7152C19DTFK.xml
AANBD228TEH1,-135.0,-57.0,8586.112,-136.2,-57.9062,8611.459961,1.503728180224062,-25.347961000001305,2026-03-26T10.25.24.6087352-LCTW01516-8374-DMT115-TTB134-DMTDUMMY.xml,2026-03-26T09.22.48.2544075-LCTW01516-8374-TFK658-TTB134-MFG7152C19DTFK.xml
AANBD228TEH1,-135.0,57.0,8588.556,-136.2,57.9062,8623.519531,1.503728180224062,-34.96353099999942,2026-03-26T10.25.24.6087352-LCTW01516-8374-DMT115-TTB134-DMTDUMMY.xml,2026-03-26T09.22.48.2544075-LCTW01516-8374-TFK658-TTB134-MFG7152C19DTFK.xml
AANBD228TEH1,-57.0,-135.0,8582.793,-57.9062,-136.2,8603.160156,1.503728180224062,-20.36715600000025,2026-03-26T10.25.24.6087352-LCTW01516-8374-DMT115-TTB134-DMTDUMMY.xml,2026-03-26T09.22.48.2544075-LCTW01516-8374-TFK658-TTB134-MFG7152C19DTFK.xml
AANBD228TEH1,-57.0,135.0,8589.427,-57.9062,136.2,8622.589844,1.503728180224062,-33.162844000000405,2026-03-26T10.25.24.6087352-LCTW01516-8374-DMT115-TTB134-DMTDUMMY.xml,2026-03-26T09.22.48.2544075-LCTW01516-8374-TFK658-TTB134-MFG7152C19DTFK.xml
AANBD228TEH1,57.0,-135.0,8587.122,57.9062,-136.2,8597.530273,1.503728180224062,-10.408273000000918,2026-03-26T10.25.24.6087352-LCTW01516-8374-DMT115-TTB134-DMTDUMMY.xml,2026-03-26T09.22.48.2544075-LCTW01516-8374-TFK658-TTB134-MFG7152C19DTFK.xml
AANBD103TEH2,0.0,0.0,8652.956,0.0067,-3.6622,8643.5,3.6622061288245367,9.456000000000131,2026-04-02T17.39.33.0171905-J427T7V0-8374-DMT101-TTG625-DMTDUMMY.xml,2026-04-02T17.20.12.1373151-J427T7V0-8374-TFK658-TTG625-MFG7152C19DTFK.xml
AANBD103TEH2,18.0,18.0,8644.707,19.3019,19.3019,8637.870117,1.8411646368535322,6.836882999999943,2026-04-02T17.39.33.0171905-J427T7V0-8374-DMT101-TTG625-DMTDUMMY.xml,2026-04-02T17.20.12.1373151-J427T7V0-8374-TFK658-TTG625-MFG7152C19DTFK.xml
AANBD103TEH2,18.0,-21.0,8642.144,19.3019,-19.3019,8635.69043,2.1397399888771536,6.453569999999672,2026-04-02T17.39.33.0171905-J427T7V0-8374-DMT101-TTG625-DMTDUMMY.xml,2026-04-02T17.20.12.1373151-J427T7V0-8374-TFK658-TTG625-MFG7152C19DTFK.xml
AANBD103TEH2,-48.0,-36.0,8647.662,-47.4578,-36.4348,8639.459961,0.6950049496226653,8.202038999999786,2026-04-02T17.39.33.0171905-J427T7V0-8374-DMT101-TTG625-DMTDUMMY.xml,2026-04-02T17.20.12.1373151-J427T7V0-8374-TFK658-TTG625-MFG7152C19DTFK.xml
AANBD103TEH2,-57.0,18.0,8648.014,-57.9062,19.3019,8639.679688,1.5862351811758546,8.334311999999045,2026-04-02T17.39.33.0171905-J427T7V0-8374-DMT101-TTG625-DMTDUMMY.xml,2026-04-02T17.20.12.1373151-J427T7V0-8374-TFK658-TTG625-MFG7152C19DTFK.xml
AANBD103TEH2,-18.0,-57.0,8642.117,-19.3019,-57.9062,8634.870117,1.5862351811758546,7.246882999999798,2026-04-02T17.39.33.0171905-J427T7V0-8374-DMT101-TTG625-DMTDUMMY.xml,2026-04-02T17.20.12.1373151-J427T7V0-8374-TFK658-TTG625-MFG7152C19DTFK.xml
AANBD103TEH2,-18.0,57.0,8651.637,-19.3019,57.9062,8642.160156,1.5862351811758546,9.47684400000071,2026-04-02T17.39.33.0171905-J427T7V0-8374-DMT101-TTG625-DMTDUMMY.xml,2026-04-02T17.20.12.1373151-J427T7V0-8374-TFK658-TTG625-MFG7152C19DTFK.xml
AANBD103TEH2,72.0,-3.0,8627.634,71.2039,-3.6622,8618.80957,1.035511491969062,8.824430000000575,2026-04-02T17.39.33.0171905-J427T7V0-8374-DMT101-TTG625-DMTDUMMY.xml,2026-04-02T17.20.12.1373151-J427T7V0-8374-TFK658-TTG625-MFG7152C19DTFK.xml
AANBD103TEH2,57.0,57.0,8624.479,57.9062,57.9062,8612.419922,1.2815603302224963,12.059078000000227,2026-04-02T17.39.33.0171905-J427T7V0-8374-DMT101-TTG625-DMTDUMMY.xml,2026-04-02T17.20.12.1373151-J427T7V0-8374-TFK658-TTG625-MFG7152C19DTFK.xml
AANBD103TEH2,-72.0,63.0,8622.967,-71.1902,61.8829,8612.679688,1.37974216794298,10.287312000000384,2026-04-02T17.39.33.0171905-J427T7V0-8374-DMT101-TTG625-DMTDUMMY.xml,2026-04-02T17.20.12.1373151-J427T7V0-8374-TFK658-TTG625-MFG7152C19DTFK.xml
AANBD103TEH2,18.0,-96.0,8609.308,19.3019,-96.51,8598.349609,1.398228740228152,10.95839100000012,2026-04-02T17.39.33.0171905-J427T7V0-8374-DMT101-TTG625-DMTDUMMY.xml,2026-04-02T17.20.12.1373151-J427T7V0-8374-TFK658-TTG625-MFG7152C19DTFK.xml
AANBD103TEH2,18.0,96.0,8617.042,19.3019,96.51,8607.0,1.398228740228152,10.041999999999462,2026-04-02T17.39.33.0171905-J427T7V0-8374-DMT101-TTG625-DMTDUMMY.xml,2026-04-02T17.20.12.1373151-J427T7V0-8374-TFK658-TTG625-MFG7152C19DTFK.xml
AANBD103TEH2,96.0,18.0,8608.058,96.51,19.3019,8598.19043,1.398228740228152,9.867570000000342,2026-04-02T17.39.33.0171905-J427T7V0-8374-DMT101-TTG625-DMTDUMMY.xml,2026-04-02T17.20.12.1373151-J427T7V0-8374-TFK658-TTG625-MFG7152C19DTFK.xml
AANBD103TEH2,72.0,-69.0,8607.454,71.2039,-69.2075,8600.219727,0.8226976722952309,7.23427300000003,2026-04-02T17.39.33.0171905-J427T7V0-8374-DMT101-TTG625-DMTDUMMY.xml,2026-04-02T17.20.12.1373151-J427T7V0-8374-TFK658-TTG625-MFG7152C19DTFK.xml
AANBD103TEH2,-96.0,-57.0,8599.609,-96.51,-57.9062,8588.419922,1.0398550091238692,11.189078000001246,2026-04-02T17.39.33.0171905-J427T7V0-8374-DMT101-TTG625-DMTDUMMY.xml,2026-04-02T17.20.12.1373151-J427T7V0-8374-TFK658-TTG625-MFG7152C19DTFK.xml
AANBD103TEH2,-57.0,-96.0,8596.741,-57.9062,-96.51,8585.740234,1.0398550091238692,11.000765999999203,2026-04-02T17.39.33.0171905-J427T7V0-8374-DMT101-TTG625-DMTDUMMY.xml,2026-04-02T17.20.12.1373151-J427T7V0-8374-TFK658-TTG625-MFG7152C19DTFK.xml
AANBD103TEH2,-57.0,96.0,8605.381,-57.9062,96.51,8597.599609,1.0398550091238692,7.781390999998621,2026-04-02T17.39.33.0171905-J427T7V0-8374-DMT101-TTG625-DMTDUMMY.xml,2026-04-02T17.20.12.1373151-J427T7V0-8374-TFK658-TTG625-MFG7152C19DTFK.xml
AANBD103TEH2,96.0,63.0,8595.866,94.9361,61.8829,8587.269531,1.5426586206935122,8.59646900000007,2026-04-02T17.39.33.0171905-J427T7V0-8374-DMT101-TTG625-DMTDUMMY.xml,2026-04-02T17.20.12.1373151-J427T7V0-8374-TFK658-TTG625-MFG7152C19DTFK.xml
AANBD103TEH2,-120.0,-3.0,8592.832,-118.655,-3.6622,8584.320313,1.4991777212859043,8.511687000000165,2026-04-02T17.39.33.0171905-J427T7V0-8374-DMT101-TTG625-DMTDUMMY.xml,2026-04-02T17.20.12.1373151-J427T7V0-8374-TFK658-TTG625-MFG7152C19DTFK.xml
AANBD103TEH2,0.0,126.0,8594.789,0.0067,127.428,8586.129883,1.4280157177006112,8.65911700000106,2026-04-02T17.39.33.0171905-J427T7V0-8374-DMT101-TTG625-DMTDUMMY.xml,2026-04-02T17.20.12.1373151-J427T7V0-8374-TFK658-TTG625-MFG7152C19DTFK.xml
AANBD103TEH2,0.0,-135.0,8582.743,0.0067,-134.7529999,8574.389648,0.24709095369926845,8.353352000000086,2026-04-02T17.39.33.0171905-J427T7V0-8374-DMT101-TTG625-DMTDUMMY.xml,2026-04-02T17.20.12.1373151-J427T7V0-8374-TFK658-TTG625-MFG7152C19DTFK.xml
AANBD103TEH2,-96.0,96.0,8591.413,-96.51,96.51,8580.080078,0.7212489168102857,11.332921999999598,2026-04-02T17.39.33.0171905-J427T7V0-8374-DMT101-TTG625-DMTDUMMY.xml,2026-04-02T17.20.12.1373151-J427T7V0-8374-TFK658-TTG625-MFG7152C19DTFK.xml
AANBD103TEH2,96.0,-96.0,8587.801,96.51,-96.51,8577.900391,0.7212489168102857,9.900609000000259,2026-04-02T17.39.33.0171905-J427T7V0-8374-DMT101-TTG625-DMTDUMMY.xml,2026-04-02T17.20.12.1373151-J427T7V0-8374-TFK658-TTG625-MFG7152C19DTFK.xml
AANBD103TEH2,135.0,18.0,8584.939,136.2,19.3019,8578.219727,1.7705771968485227,6.719273000000612,2026-04-02T17.39.33.0171905-J427T7V0-8374-DMT101-TTG625-DMTDUMMY.xml,2026-04-02T17.20.12.1373151-J427T7V0-8374-TFK658-TTG625-MFG7152C19DTFK.xml
AANBD103TEH2,72.0,126.0,8596.087,71.2039,127.428,8593.419922,1.6349187166339447,2.6670780000004015,2026-04-02T17.39.33.0171905-J427T7V0-8374-DMT101-TTG625-DMTDUMMY.xml,2026-04-02T17.20.12.1373151-J427T7V0-8374-TFK658-TTG625-MFG7152C19DTFK.xml
AANBD103TEH2,141.0,-36.0,8591.617,142.401,-36.4348,8598.44043,1.466919234313884,-6.823430000000371,2026-04-02T17.39.33.0171905-J427T7V0-8374-DMT101-TTG625-DMTDUMMY.xml,2026-04-02T17.20.12.1373151-J427T7V0-8374-TFK658-TTG625-MFG7152C19DTFK.xml
AANBD103TEH2,-135.0,-57.0,8603.714,-136.2,-57.9062,8626.280273,1.503728180224062,-22.566273000000365,2026-04-02T17.39.33.0171905-J427T7V0-8374-DMT101-TTG625-DMTDUMMY.xml,2026-04-02T17.20.12.1373151-J427T7V0-8374-TFK658-TTG625-MFG7152C19DTFK.xml
AANBD103TEH2,-135.0,57.0,8611.123,-136.2,57.9062,8644.019531,1.503728180224062,-32.89653100000032,2026-04-02T17.39.33.0171905-J427T7V0-8374-DMT101-TTG625-DMTDUMMY.xml,2026-04-02T17.20.12.1373151-J427T7V0-8374-TFK658-TTG625-MFG7152C19DTFK.xml
AANBD103TEH2,-57.0,-135.0,8608.552,-57.9062,-136.2,8626.669922,1.503728180224062,-18.117921999999453,2026-04-02T17.39.33.0171905-J427T7V0-8374-DMT101-TTG625-DMTDUMMY.xml,2026-04-02T17.20.12.1373151-J427T7V0-8374-TFK658-TTG625-MFG7152C19DTFK.xml
AANBD103TEH2,-57.0,135.0,8625.267,-57.9062,136.2,8659.070313,1.503728180224062,-33.803313000000344,2026-04-02T17.39.33.0171905-J427T7V0-8374-DMT101-TTG625-DMTDUMMY.xml,2026-04-02T17.20.12.1373151-J427T7V0-8374-TFK658-TTG625-MFG7152C19DTFK.xml
AANBD103TEH2,57.0,-135.0,8613.938,57.9062,-136.2,8638.05957,1.503728180224062,-24.121569999999338,2026-04-02T17.39.33.0171905-J427T7V0-8374-DMT101-TTG625-DMTDUMMY.xml,2026-04-02T17.20.12.1373151-J427T7V0-8374-TFK658-TTG625-MFG7152C19DTFK.xml
AANBD225TEB6,0.0,0.0,8619.961,0.0067,-3.6622,8604.25,3.6622061288245367,15.71099999999933,2026-03-26T10.25.24.6087352-LCTW01516-8374-DMT115-TTB134-DMTDUMMY.xml,2026-03-26T09.22.48.2544075-LCTW01516-8374-TFK658-TTB134-MFG7152C19DTFK.xml
AANBD225TEB6,18.0,18.0,8610.715,19.3019,19.3019,8599.620117,1.8411646368535322,11.094882999999754,2026-03-26T10.25.24.6087352-LCTW01516-8374-DMT115-TTB134-DMTDUMMY.xml,2026-03-26T09.22.48.2544075-LCTW01516-8374-TFK658-TTB134-MFG7152C19DTFK.xml
AANBD225TEB6,18.0,-21.0,8612.489,19.3019,-19.3019,8598.230469,2.1397399888771536,14.258530999999493,2026-03-26T10.25.24.6087352-LCTW01516-8374-DMT115-TTB134-DMTDUMMY.xml,2026-03-26T09.22.48.2544075-LCTW01516-8374-TFK658-TTB134-MFG7152C19DTFK.xml
AANBD225TEB6,-48.0,-36.0,8604.255,-47.4578,-36.4348,8593.019531,0.6950049496226653,11.235468999999284,2026-03-26T10.25.24.6087352-LCTW01516-8374-DMT115-TTB134-DMTDUMMY.xml,2026-03-26T09.22.48.2544075-LCTW01516-8374-TFK658-TTB134-MFG7152C19DTFK.xml
AANBD225TEB6,-57.0,18.0,8606.547,-57.9062,19.3019,8593.139648,1.5862351811758546,13.407352000000174,2026-03-26T10.25.24.6087352-LCTW01516-8374-DMT115-TTB134-DMTDUMMY.xml,2026-03-26T09.22.48.2544075-LCTW01516-8374-TFK658-TTB134-MFG7152C19DTFK.xml
AANBD225TEB6,-18.0,-57.0,8603.461,-19.3019,-57.9062,8591.490234,1.5862351811758546,11.970765999998548,2026-03-26T10.25.24.6087352-LCTW01516-8374-DMT115-TTB134-DMTDUMMY.xml,2026-03-26T09.22.48.2544075-LCTW01516-8374-TFK658-TTB134-MFG7152C19DTFK.xml
AANBD225TEB6,-18.0,57.0,8605.955,-19.3019,57.9062,8591.769531,1.5862351811758546,14.185469000000012,2026-03-26T10.25.24.6087352-LCTW01516-8374-DMT115-TTB134-DMTDUMMY.xml,2026-03-26T09.22.48.2544075-LCTW01516-8374-TFK658-TTB134-MFG7152C19DTFK.xml
AANBD225TEB6,72.0,-3.0,8586.271,71.2039,-3.6622,8574.790039,1.035511491969062,11.480961000001116,2026-03-26T10.25.24.6087352-LCTW01516-8374-DMT115-TTB134-DMTDUMMY.xml,2026-03-26T09.22.48.2544075-LCTW01516-8374-TFK658-TTB134-MFG7152C19DTFK.xml
AANBD225TEB6,57.0,57.0,8584.363,57.9062,57.9062,8571.209961,1.2815603302224963,13.153038999998898,2026-03-26T10.25.24.6087352-LCTW01516-8374-DMT115-TTB134-DMTDUMMY.xml,2026-03-26T09.22.48.2544075-LCTW01516-8374-TFK658-TTB134-MFG7152C19DTFK.xml
AANBD225TEB6,-72.0,63.0,8578.266,-71.1902,61.8829,8562.769531,1.37974216794298,15.496468999999706,2026-03-26T10.25.24.6087352-LCTW01516-8374-DMT115-TTB134-DMTDUMMY.xml,2026-03-26T09.22.48.2544075-LCTW01516-8374-TFK658-TTB134-MFG7152C19DTFK.xml
AANBD225TEB6,18.0,-96.0,8572.894,19.3019,-96.51,8558.25,1.398228740228152,14.644000000000233,2026-03-26T10.25.24.6087352-LCTW01516-8374-DMT115-TTB134-DMTDUMMY.xml,2026-03-26T09.22.48.2544075-LCTW01516-8374-TFK658-TTB134-MFG7152C19DTFK.xml
AANBD225TEB6,18.0,96.0,8576.445,19.3019,96.51,8563.870117,1.398228740228152,12.574882999999318,2026-03-26T10.25.24.6087352-LCTW01516-8374-DMT115-TTB134-DMTDUMMY.xml,2026-03-26T09.22.48.2544075-LCTW01516-8374-TFK658-TTB134-MFG7152C19DTFK.xml
AANBD225TEB6,96.0,18.0,8569.899,96.51,19.3019,8553.490234,1.398228740228152,16.40876599999865,2026-03-26T10.25.24.6087352-LCTW01516-8374-DMT115-TTB134-DMTDUMMY.xml,2026-03-26T09.22.48.2544075-LCTW01516-8374-TFK658-TTB134-MFG7152C19DTFK.xml
AANBD225TEB6,72.0,-69.0,8570.686,71.2039,-69.2075,8557.740234,0.8226976722952309,12.945765999998912,2026-03-26T10.25.24.6087352-LCTW01516-8374-DMT115-TTB134-DMTDUMMY.xml,2026-03-26T09.22.48.2544075-LCTW01516-8374-TFK658-TTB134-MFG7152C19DTFK.xml
AANBD225TEB6,-96.0,-57.0,8563.693,-96.51,-57.9062,8550.790039,1.0398550091238692,12.902960999999777,2026-03-26T10.25.24.6087352-LCTW01516-8374-DMT115-TTB134-DMTDUMMY.xml,2026-03-26T09.22.48.2544075-LCTW01516-8374-TFK658-TTB134-MFG7152C19DTFK.xml
AANBD225TEB6,-57.0,-96.0,8564.79,-57.9062,-96.51,8547.44043,1.0398550091238692,17.349570000000313,2026-03-26T10.25.24.6087352-LCTW01516-8374-DMT115-TTB134-DMTDUMMY.xml,2026-03-26T09.22.48.2544075-LCTW01516-8374-TFK658-TTB134-MFG7152C19DTFK.xml
AANBD225TEB6,-57.0,96.0,8569.183,-57.9062,96.51,8553.169922,1.0398550091238692,16.01307800000177,2026-03-26T10.25.24.6087352-LCTW01516-8374-DMT115-TTB134-DMTDUMMY.xml,2026-03-26T09.22.48.2544075-LCTW01516-8374-TFK658-TTB134-MFG7152C19DTFK.xml
AANBD225TEB6,96.0,63.0,8559.688,94.9361,61.8829,8547.099609,1.5426586206935122,12.58839099999932,2026-03-26T10.25.24.6087352-LCTW01516-8374-DMT115-TTB134-DMTDUMMY.xml,2026-03-26T09.22.48.2544075-LCTW01516-8374-TFK658-TTB134-MFG7152C19DTFK.xml
AANBD225TEB6,-120.0,-3.0,8558.129,-118.655,-3.6622,8545.459961,1.4991777212859043,12.669039000000339,2026-03-26T10.25.24.6087352-LCTW01516-8374-DMT115-TTB134-DMTDUMMY.xml,2026-03-26T09.22.48.2544075-LCTW01516-8374-TFK658-TTB134-MFG7152C19DTFK.xml
AANBD225TEB6,0.0,126.0,8561.961,0.0067,127.428,8546.049805,1.4280157177006112,15.91119499999877,2026-03-26T10.25.24.6087352-LCTW01516-8374-DMT115-TTB134-DMTDUMMY.xml,2026-03-26T09.22.48.2544075-LCTW01516-8374-TFK658-TTB134-MFG7152C19DTFK.xml
AANBD225TEB6,0.0,-135.0,8552.645,0.0067,-134.7529999,8540.299805,0.24709095369926845,12.345194999999876,2026-03-26T10.25.24.6087352-LCTW01516-8374-DMT115-TTB134-DMTDUMMY.xml,2026-03-26T09.22.48.2544075-LCTW01516-8374-TFK658-TTB134-MFG7152C19DTFK.xml
AANBD225TEB6,-96.0,96.0,8565.475,-96.51,96.51,8547.230469,0.7212489168102857,18.24453100000028,2026-03-26T10.25.24.6087352-LCTW01516-8374-DMT115-TTB134-DMTDUMMY.xml,2026-03-26T09.22.48.2544075-LCTW01516-8374-TFK658-TTB134-MFG7152C19DTFK.xml
AANBD225TEB6,96.0,-96.0,8550.884,96.51,-96.51,8538.919922,0.7212489168102857,11.964078000000882,2026-03-26T10.25.24.6087352-LCTW01516-8374-DMT115-TTB134-DMTDUMMY.xml,2026-03-26T09.22.48.2544075-LCTW01516-8374-TFK658-TTB134-MFG7152C19DTFK.xml
AANBD225TEB6,135.0,18.0,8549.698,136.2,19.3019,8534.730469,1.7705771968485227,14.967531000000236,2026-03-26T10.25.24.6087352-LCTW01516-8374-DMT115-TTB134-DMTDUMMY.xml,2026-03-26T09.22.48.2544075-LCTW01516-8374-TFK658-TTB134-MFG7152C19DTFK.xml
AANBD225TEB6,72.0,126.0,8562.589,71.2039,127.428,8553.610352,1.6349187166339447,8.978648000000248,2026-03-26T10.25.24.6087352-LCTW01516-8374-DMT115-TTB134-DMTDUMMY.xml,2026-03-26T09.22.48.2544075-LCTW01516-8374-TFK658-TTB134-MFG7152C19DTFK.xml
AANBD225TEB6,141.0,-36.0,8554.114,142.401,-36.4348,8550.25,1.466919234313884,3.863999999999578,2026-03-26T10.25.24.6087352-LCTW01516-8374-DMT115-TTB134-DMTDUMMY.xml,2026-03-26T09.22.48.2544075-LCTW01516-8374-TFK658-TTB134-MFG7152C19DTFK.xml
AANBD225TEB6,-135.0,-57.0,8585.896,-136.2,-57.9062,8611.209961,1.503728180224062,-25.313960999999836,2026-03-26T10.25.24.6087352-LCTW01516-8374-DMT115-TTB134-DMTDUMMY.xml,2026-03-26T09.22.48.2544075-LCTW01516-8374-TFK658-TTB134-MFG7152C19DTFK.xml
AANBD225TEB6,-135.0,57.0,8589.097,-136.2,57.9062,8622.730469,1.503728180224062,-33.63346900000033,2026-03-26T10.25.24.6087352-LCTW01516-8374-DMT115-TTB134-DMTDUMMY.xml,2026-03-26T09.22.48.2544075-LCTW01516-8374-TFK658-TTB134-MFG7152C19DTFK.xml
AANBD225TEB6,-57.0,-135.0,8590.761,-57.9062,-136.2,8606.160156,1.503728180224062,-15.399155999999493,2026-03-26T10.25.24.6087352-LCTW01516-8374-DMT115-TTB134-DMTDUMMY.xml,2026-03-26T09.22.48.2544075-LCTW01516-8374-TFK658-TTB134-MFG7152C19DTFK.xml
AANBD225TEB6,-57.0,135.0,8593.558,-57.9062,136.2,8632.219727,1.503728180224062,-38.66172699999879,2026-03-26T10.25.24.6087352-LCTW01516-8374-DMT115-TTB134-DMTDUMMY.xml,2026-03-26T09.22.48.2544075-LCTW01516-8374-TFK658-TTB134-MFG7152C19DTFK.xml
AANBD225TEB6,57.0,-135.0,8582.839,57.9062,-136.2,8594.639648,1.503728180224062,-11.800648000000365,2026-03-26T10.25.24.6087352-LCTW01516-8374-DMT115-TTB134-DMTDUMMY.xml,2026-03-26T09.22.48.2544075-LCTW01516-8374-TFK658-TTB134-MFG7152C19DTFK.xml
AANBD203TEG3,0.0,0.0,8635.034,0.0067,-3.6622,8620.230469,3.6622061288245367,14.803530999999566,2026-03-26T10.25.24.6087352-LCTW01516-8374-DMT115-TTB134-DMTDUMMY.xml,2026-03-26T09.22.48.2544075-LCTW01516-8374-TFK658-TTB134-MFG7152C19DTFK.xml
AANBD203TEG3,18.0,18.0,8621.397,19.3019,19.3019,8608.639648,1.8411646368535322,12.757352000000537,2026-03-26T10.25.24.6087352-LCTW01516-8374-DMT115-TTB134-DMTDUMMY.xml,2026-03-26T09.22.48.2544075-LCTW01516-8374-TFK658-TTB134-MFG7152C19DTFK.xml
AANBD203TEG3,18.0,-21.0,8621.974,19.3019,-19.3019,8609.280273,2.1397399888771536,12.693726999999853,2026-03-26T10.25.24.6087352-LCTW01516-8374-DMT115-TTB134-DMTDUMMY.xml,2026-03-26T09.22.48.2544075-LCTW01516-8374-TFK658-TTB134-MFG7152C19DTFK.xml
AANBD203TEG3,-48.0,-36.0,8613.661,-47.4578,-36.4348,8599.740234,0.6950049496226653,13.920765999999276,2026-03-26T10.25.24.6087352-LCTW01516-8374-DMT115-TTB134-DMTDUMMY.xml,2026-03-26T09.22.48.2544075-LCTW01516-8374-TFK658-TTB134-MFG7152C19DTFK.xml
AANBD203TEG3,-57.0,18.0,8608.806,-57.9062,19.3019,8595.44043,1.5862351811758546,13.365569999999934,2026-03-26T10.25.24.6087352-LCTW01516-8374-DMT115-TTB134-DMTDUMMY.xml,2026-03-26T09.22.48.2544075-LCTW01516-8374-TFK658-TTB134-MFG7152C19DTFK.xml
AANBD203TEG3,-18.0,-57.0,8612.031,-19.3019,-57.9062,8599.040039,1.5862351811758546,12.990961000001334,2026-03-26T10.25.24.6087352-LCTW01516-8374-DMT115-TTB134-DMTDUMMY.xml,2026-03-26T09.22.48.2544075-LCTW01516-8374-TFK658-TTB134-MFG7152C19DTFK.xml
AANBD203TEG3,-18.0,57.0,8608.219,-19.3019,57.9062,8595.5,1.5862351811758546,12.718999999999141,2026-03-26T10.25.24.6087352-LCTW01516-8374-DMT115-TTB134-DMTDUMMY.xml,2026-03-26T09.22.48.2544075-LCTW01516-8374-TFK658-TTB134-MFG7152C19DTFK.xml
AANBD203TEG3,72.0,-3.0,8592.425,71.2039,-3.6622,8582.410156,1.035511491969062,10.014843999999357,2026-03-26T10.25.24.6087352-LCTW01516-8374-DMT115-TTB134-DMTDUMMY.xml,2026-03-26T09.22.48.2544075-LCTW01516-8374-TFK658-TTB134-MFG7152C19DTFK.xml
AANBD203TEG3,57.0,57.0,8585.013,57.9062,57.9062,8570.410156,1.2815603302224963,14.602844000000914,2026-03-26T10.25.24.6087352-LCTW01516-8374-DMT115-TTB134-DMTDUMMY.xml,2026-03-26T09.22.48.2544075-LCTW01516-8374-TFK658-TTB134-MFG7152C19DTFK.xml
AANBD203TEG3,-72.0,63.0,8578.32,-71.1902,61.8829,8565.459961,1.37974216794298,12.860038999999233,2026-03-26T10.25.24.6087352-LCTW01516-8374-DMT115-TTB134-DMTDUMMY.xml,2026-03-26T09.22.48.2544075-LCTW01516-8374-TFK658-TTB134-MFG7152C19DTFK.xml
AANBD203TEG3,18.0,-96.0,8579.867,19.3019,-96.51,8564.269531,1.398228740228152,15.597469000000274,2026-03-26T10.25.24.6087352-LCTW01516-8374-DMT115-TTB134-DMTDUMMY.xml,2026-03-26T09.22.48.2544075-LCTW01516-8374-TFK658-TTB134-MFG7152C19DTFK.xml
AANBD203TEG3,18.0,96.0,8573.572,19.3019,96.51,8559.389648,1.398228740228152,14.18235199999981,2026-03-26T10.25.24.6087352-LCTW01516-8374-DMT115-TTB134-DMTDUMMY.xml,2026-03-26T09.22.48.2544075-LCTW01516-8374-TFK658-TTB134-MFG7152C19DTFK.xml
AANBD203TEG3,96.0,18.0,8574.542,96.51,19.3019,8563.429688,1.398228740228152,11.112311999999292,2026-03-26T10.25.24.6087352-LCTW01516-8374-DMT115-TTB134-DMTDUMMY.xml,2026-03-26T09.22.48.2544075-LCTW01516-8374-TFK658-TTB134-MFG7152C19DTFK.xml
AANBD203TEG3,72.0,-69.0,8575.733,71.2039,-69.2075,8562.950195,0.8226976722952309,12.782805000000735,2026-03-26T10.25.24.6087352-LCTW01516-8374-DMT115-TTB134-DMTDUMMY.xml,2026-03-26T09.22.48.2544075-LCTW01516-8374-TFK658-TTB134-MFG7152C19DTFK.xml
AANBD203TEG3,-96.0,-57.0,8567.663,-96.51,-57.9062,8552.830078,1.0398550091238692,14.832921999999598,2026-03-26T10.25.24.6087352-LCTW01516-8374-DMT115-TTB134-DMTDUMMY.xml,2026-03-26T09.22.48.2544075-LCTW01516-8374-TFK658-TTB134-MFG7152C19DTFK.xml
AANBD203TEG3,-57.0,-96.0,8565.883,-57.9062,-96.51,8551.379883,1.0398550091238692,14.503117000000202,2026-03-26T10.25.24.6087352-LCTW01516-8374-DMT115-TTB134-DMTDUMMY.xml,2026-03-26T09.22.48.2544075-LCTW01516-8374-TFK658-TTB134-MFG7152C19DTFK.xml
AANBD203TEG3,-57.0,96.0,8563.421,-57.9062,96.51,8551.669922,1.0398550091238692,11.751078000001144,2026-03-26T10.25.24.6087352-LCTW01516-8374-DMT115-TTB134-DMTDUMMY.xml,2026-03-26T09.22.48.2544075-LCTW01516-8374-TFK658-TTB134-MFG7152C19DTFK.xml
AANBD203TEG3,96.0,63.0,8562.932,94.9361,61.8829,8550.75,1.5426586206935122,12.182000000000698,2026-03-26T10.25.24.6087352-LCTW01516-8374-DMT115-TTB134-DMTDUMMY.xml,2026-03-26T09.22.48.2544075-LCTW01516-8374-TFK658-TTB134-MFG7152C19DTFK.xml
AANBD203TEG3,-120.0,-3.0,8560.789,-118.655,-3.6622,8547.700195,1.4991777212859043,13.08880500000123,2026-03-26T10.25.24.6087352-LCTW01516-8374-DMT115-TTB134-DMTDUMMY.xml,2026-03-26T09.22.48.2544075-LCTW01516-8374-TFK658-TTB134-MFG7152C19DTFK.xml
AANBD203TEG3,0.0,126.0,8557.808,0.0067,127.428,8541.75,1.4280157177006112,16.058000000000902,2026-03-26T10.25.24.6087352-LCTW01516-8374-DMT115-TTB134-DMTDUMMY.xml,2026-03-26T09.22.48.2544075-LCTW01516-8374-TFK658-TTB134-MFG7152C19DTFK.xml
AANBD203TEG3,0.0,-135.0,8557.783,0.0067,-134.7529999,8544.349609,0.24709095369926845,13.433390999998664,2026-03-26T10.25.24.6087352-LCTW01516-8374-DMT115-TTB134-DMTDUMMY.xml,2026-03-26T09.22.48.2544075-LCTW01516-8374-TFK658-TTB134-MFG7152C19DTFK.xml
AANBD203TEG3,-96.0,96.0,8560.154,-96.51,96.51,8545.089844,0.7212489168102857,15.064156000000366,2026-03-26T10.25.24.6087352-LCTW01516-8374-DMT115-TTB134-DMTDUMMY.xml,2026-03-26T09.22.48.2544075-LCTW01516-8374-TFK658-TTB134-MFG7152C19DTFK.xml
AANBD203TEG3,96.0,-96.0,8559.312,96.51,-96.51,8546.719727,0.7212489168102857,12.592273000000205,2026-03-26T10.25.24.6087352-LCTW01516-8374-DMT115-TTB134-DMTDUMMY.xml,2026-03-26T09.22.48.2544075-LCTW01516-8374-TFK658-TTB134-MFG7152C19DTFK.xml
AANBD203TEG3,135.0,18.0,8555.385,136.2,19.3019,8538.839844,1.7705771968485227,16.545156000000134,2026-03-26T10.25.24.6087352-LCTW01516-8374-DMT115-TTB134-DMTDUMMY.xml,2026-03-26T09.22.48.2544075-LCTW01516-8374-TFK658-TTB134-MFG7152C19DTFK.xml
AANBD203TEG3,72.0,126.0,8558.619,71.2039,127.428,8550.5,1.6349187166339447,8.119000000000597,2026-03-26T10.25.24.6087352-LCTW01516-8374-DMT115-TTB134-DMTDUMMY.xml,2026-03-26T09.22.48.2544075-LCTW01516-8374-TFK658-TTB134-MFG7152C19DTFK.xml
AANBD203TEG3,141.0,-36.0,8567.745,142.401,-36.4348,8568.400391,1.466919234313884,-0.6553909999984171,2026-03-26T10.25.24.6087352-LCTW01516-8374-DMT115-TTB134-DMTDUMMY.xml,2026-03-26T09.22.48.2544075-LCTW01516-8374-TFK658-TTB134-MFG7152C19DTFK.xml
AANBD203TEG3,-135.0,-57.0,8593.416,-136.2,-57.9062,8626.169922,1.503728180224062,-32.753921999999875,2026-03-26T10.25.24.6087352-LCTW01516-8374-DMT115-TTB134-DMTDUMMY.xml,2026-03-26T09.22.48.2544075-LCTW01516-8374-TFK658-TTB134-MFG7152C19DTFK.xml
AANBD203TEG3,-135.0,57.0,8594.298,-136.2,57.9062,8626.19043,1.503728180224062,-31.892429999999877,2026-03-26T10.25.24.6087352-LCTW01516-8374-DMT115-TTB134-DMTDUMMY.xml,2026-03-26T09.22.48.2544075-LCTW01516-8374-TFK658-TTB134-MFG7152C19DTFK.xml
AANBD203TEG3,-57.0,-135.0,8601.705,-57.9062,-136.2,8631.099609,1.503728180224062,-29.394609000000855,2026-03-26T10.25.24.6087352-LCTW01516-8374-DMT115-TTB134-DMTDUMMY.xml,2026-03-26T09.22.48.2544075-LCTW01516-8374-TFK658-TTB134-MFG7152C19DTFK.xml
AANBD203TEG3,-57.0,135.0,8588.384,-57.9062,136.2,8614.700195,1.503728180224062,-26.316194999999425,2026-03-26T10.25.24.6087352-LCTW01516-8374-DMT115-TTB134-DMTDUMMY.xml,2026-03-26T09.22.48.2544075-LCTW01516-8374-TFK658-TTB134-MFG7152C19DTFK.xml
AANBD203TEG3,57.0,-135.0,8600.84,57.9062,-136.2,8624.139648,1.503728180224062,-23.29964800000016,2026-03-26T10.25.24.6087352-LCTW01516-8374-DMT115-TTB134-DMTDUMMY.xml,2026-03-26T09.22.48.2544075-LCTW01516-8374-TFK658-TTB134-MFG7152C19DTFK.xml
AANBD205TEA1,0.0,0.0,8625.849,0.0067,-3.6622,8614.94043,3.6622061288245367,10.9085699999996,2026-03-26T10.25.24.6087352-LCTW01516-8374-DMT115-TTB134-DMTDUMMY.xml,2026-03-26T09.22.48.2544075-LCTW01516-8374-TFK658-TTB134-MFG7152C19DTFK.xml
AANBD205TEA1,18.0,18.0,8615.895,19.3019,19.3019,8602.69043,1.8411646368535322,13.204569999999876,2026-03-26T10.25.24.6087352-LCTW01516-8374-DMT115-TTB134-DMTDUMMY.xml,2026-03-26T09.22.48.2544075-LCTW01516-8374-TFK658-TTB134-MFG7152C19DTFK.xml
AANBD205TEA1,18.0,-21.0,8615.419,19.3019,-19.3019,8604.700195,2.1397399888771536,10.71880500000043,2026-03-26T10.25.24.6087352-LCTW01516-8374-DMT115-TTB134-DMTDUMMY.xml,2026-03-26T09.22.48.2544075-LCTW01516-8374-TFK658-TTB134-MFG7152C19DTFK.xml
AANBD205TEA1,-48.0,-36.0,8606.011,-47.4578,-36.4348,8591.919922,0.6950049496226653,14.09107800000129,2026-03-26T10.25.24.6087352-LCTW01516-8374-DMT115-TTB134-DMTDUMMY.xml,2026-03-26T09.22.48.2544075-LCTW01516-8374-TFK658-TTB134-MFG7152C19DTFK.xml
AANBD205TEA1,-57.0,18.0,8603.864,-57.9062,19.3019,8591.299805,1.5862351811758546,12.564194999999017,2026-03-26T10.25.24.6087352-LCTW01516-8374-DMT115-TTB134-DMTDUMMY.xml,2026-03-26T09.22.48.2544075-LCTW01516-8374-TFK658-TTB134-MFG7152C19DTFK.xml
AANBD205TEA1,-18.0,-57.0,8604.454,-19.3019,-57.9062,8591.330078,1.5862351811758546,13.123921999998856,2026-03-26T10.25.24.6087352-LCTW01516-8374-DMT115-TTB134-DMTDUMMY.xml,2026-03-26T09.22.48.2544075-LCTW01516-8374-TFK658-TTB134-MFG7152C19DTFK.xml
AANBD205TEA1,-18.0,57.0,8600.762,-19.3019,57.9062,8584.910156,1.5862351811758546,15.85184400000071,2026-03-26T10.25.24.6087352-LCTW01516-8374-DMT115-TTB134-DMTDUMMY.xml,2026-03-26T09.22.48.2544075-LCTW01516-8374-TFK658-TTB134-MFG7152C19DTFK.xml
AANBD205TEA1,72.0,-3.0,8590.71,71.2039,-3.6622,8577.94043,1.035511491969062,12.769569999998566,2026-03-26T10.25.24.6087352-LCTW01516-8374-DMT115-TTB134-DMTDUMMY.xml,2026-03-26T09.22.48.2544075-LCTW01516-8374-TFK658-TTB134-MFG7152C19DTFK.xml
AANBD205TEA1,57.0,57.0,8586.746,57.9062,57.9062,8571.799805,1.2815603302224963,14.946194999998625,2026-03-26T10.25.24.6087352-LCTW01516-8374-DMT115-TTB134-DMTDUMMY.xml,2026-03-26T09.22.48.2544075-LCTW01516-8374-TFK658-TTB134-MFG7152C19DTFK.xml
AANBD205TEA1,-72.0,63.0,8580.298,-71.1902,61.8829,8564.870117,1.37974216794298,15.427883000000293,2026-03-26T10.25.24.6087352-LCTW01516-8374-DMT115-TTB134-DMTDUMMY.xml,2026-03-26T09.22.48.2544075-LCTW01516-8374-TFK658-TTB134-MFG7152C19DTFK.xml
AANBD205TEA1,18.0,-96.0,8578.212,19.3019,-96.51,8564.769531,1.398228740228152,13.442468999999619,2026-03-26T10.25.24.6087352-LCTW01516-8374-DMT115-TTB134-DMTDUMMY.xml,2026-03-26T09.22.48.2544075-LCTW01516-8374-TFK658-TTB134-MFG7152C19DTFK.xml
AANBD205TEA1,18.0,96.0,8577.256,19.3019,96.51,8562.509766,1.398228740228152,14.746234000000186,2026-03-26T10.25.24.6087352-LCTW01516-8374-DMT115-TTB134-DMTDUMMY.xml,2026-03-26T09.22.48.2544075-LCTW01516-8374-TFK658-TTB134-MFG7152C19DTFK.xml
AANBD205TEA1,96.0,18.0,8575.754,96.51,19.3019,8563.80957,1.398228740228152,11.944430000001375,2026-03-26T10.25.24.6087352-LCTW01516-8374-DMT115-TTB134-DMTDUMMY.xml,2026-03-26T09.22.48.2544075-LCTW01516-8374-TFK658-TTB134-MFG7152C19DTFK.xml
AANBD205TEA1,72.0,-69.0,8577.224,71.2039,-69.2075,8566.509766,0.8226976722952309,10.714234000000943,2026-03-26T10.25.24.6087352-LCTW01516-8374-DMT115-TTB134-DMTDUMMY.xml,2026-03-26T09.22.48.2544075-LCTW01516-8374-TFK658-TTB134-MFG7152C19DTFK.xml
AANBD205TEA1,-96.0,-57.0,8568.813,-96.51,-57.9062,8554.009766,1.0398550091238692,14.803234000000884,2026-03-26T10.25.24.6087352-LCTW01516-8374-DMT115-TTB134-DMTDUMMY.xml,2026-03-26T09.22.48.2544075-LCTW01516-8374-TFK658-TTB134-MFG7152C19DTFK.xml
AANBD205TEA1,-57.0,-96.0,8568.179,-57.9062,-96.51,8553.280273,1.0398550091238692,14.89872699999978,2026-03-26T10.25.24.6087352-LCTW01516-8374-DMT115-TTB134-DMTDUMMY.xml,2026-03-26T09.22.48.2544075-LCTW01516-8374-TFK658-TTB134-MFG7152C19DTFK.xml
AANBD205TEA1,-57.0,96.0,8566.776,-57.9062,96.51,8555.540039,1.0398550091238692,11.235961000000316,2026-03-26T10.25.24.6087352-LCTW01516-8374-DMT115-TTB134-DMTDUMMY.xml,2026-03-26T09.22.48.2544075-LCTW01516-8374-TFK658-TTB134-MFG7152C19DTFK.xml
AANBD205TEA1,96.0,63.0,8564.946,94.9361,61.8829,8554.290039,1.5426586206935122,10.655961000000389,2026-03-26T10.25.24.6087352-LCTW01516-8374-DMT115-TTB134-DMTDUMMY.xml,2026-03-26T09.22.48.2544075-LCTW01516-8374-TFK658-TTB134-MFG7152C19DTFK.xml
AANBD205TEA1,-120.0,-3.0,8565.613,-118.655,-3.6622,8549.589844,1.4991777212859043,16.02315599999929,2026-03-26T10.25.24.6087352-LCTW01516-8374-DMT115-TTB134-DMTDUMMY.xml,2026-03-26T09.22.48.2544075-LCTW01516-8374-TFK658-TTB134-MFG7152C19DTFK.xml
AANBD205TEA1,0.0,126.0,8562.295,0.0067,127.428,8547.099609,1.4280157177006112,15.19539099999929,2026-03-26T10.25.24.6087352-LCTW01516-8374-DMT115-TTB134-DMTDUMMY.xml,2026-03-26T09.22.48.2544075-LCTW01516-8374-TFK658-TTB134-MFG7152C19DTFK.xml
AANBD205TEA1,0.0,-135.0,8564.566,0.0067,-134.7529999,8546.280273,0.24709095369926845,18.285727000000406,2026-03-26T10.25.24.6087352-LCTW01516-8374-DMT115-TTB134-DMTDUMMY.xml,2026-03-26T09.22.48.2544075-LCTW01516-8374-TFK658-TTB134-MFG7152C19DTFK.xml
AANBD205TEA1,-96.0,96.0,8560.631,-96.51,96.51,8545.929688,0.7212489168102857,14.701311999999234,2026-03-26T10.25.24.6087352-LCTW01516-8374-DMT115-TTB134-DMTDUMMY.xml,2026-03-26T09.22.48.2544075-LCTW01516-8374-TFK658-TTB134-MFG7152C19DTFK.xml
AANBD205TEA1,96.0,-96.0,8563.287,96.51,-96.51,8548.980469,0.7212489168102857,14.306531000000177,2026-03-26T10.25.24.6087352-LCTW01516-8374-DMT115-TTB134-DMTDUMMY.xml,2026-03-26T09.22.48.2544075-LCTW01516-8374-TFK658-TTB134-MFG7152C19DTFK.xml
AANBD205TEA1,135.0,18.0,8558.205,136.2,19.3019,8542.139648,1.7705771968485227,16.06535199999962,2026-03-26T10.25.24.6087352-LCTW01516-8374-DMT115-TTB134-DMTDUMMY.xml,2026-03-26T09.22.48.2544075-LCTW01516-8374-TFK658-TTB134-MFG7152C19DTFK.xml
AANBD205TEA1,72.0,126.0,8562.541,71.2039,127.428,8553.139648,1.6349187166339447,9.401351999998951,2026-03-26T10.25.24.6087352-LCTW01516-8374-DMT115-TTB134-DMTDUMMY.xml,2026-03-26T09.22.48.2544075-LCTW01516-8374-TFK658-TTB134-MFG7152C19DTFK.xml
AANBD205TEA1,141.0,-36.0,8564.92,142.401,-36.4348,8567.320313,1.466919234313884,-2.4003130000000965,2026-03-26T10.25.24.6087352-LCTW01516-8374-DMT115-TTB134-DMTDUMMY.xml,2026-03-26T09.22.48.2544075-LCTW01516-8374-TFK658-TTB134-MFG7152C19DTFK.xml
AANBD205TEA1,-135.0,-57.0,8596.046,-136.2,-57.9062,8629.589844,1.503728180224062,-33.54384399999981,2026-03-26T10.25.24.6087352-LCTW01516-8374-DMT115-TTB134-DMTDUMMY.xml,2026-03-26T09.22.48.2544075-LCTW01516-8374-TFK658-TTB134-MFG7152C19DTFK.xml
AANBD205TEA1,-135.0,57.0,8592.489,-136.2,57.9062,8621.400391,1.503728180224062,-28.91139099999964,2026-03-26T10.25.24.6087352-LCTW01516-8374-DMT115-TTB134-DMTDUMMY.xml,2026-03-26T09.22.48.2544075-LCTW01516-8374-TFK658-TTB134-MFG7152C19DTFK.xml
AANBD205TEA1,-57.0,-135.0,8597.183,-57.9062,-136.2,8633.820313,1.503728180224062,-36.63731299999927,2026-03-26T10.25.24.6087352-LCTW01516-8374-DMT115-TTB134-DMTDUMMY.xml,2026-03-26T09.22.48.2544075-LCTW01516-8374-TFK658-TTB134-MFG7152C19DTFK.xml
AANBD205TEA1,-57.0,135.0,8589.002,-57.9062,136.2,8616.959961,1.503728180224062,-27.95796100000007,2026-03-26T10.25.24.6087352-LCTW01516-8374-DMT115-TTB134-DMTDUMMY.xml,2026-03-26T09.22.48.2544075-LCTW01516-8374-TFK658-TTB134-MFG7152C19DTFK.xml
AANBD205TEA1,57.0,-135.0,8605.557,57.9062,-136.2,8634.480469,1.503728180224062,-28.923468999999386,2026-03-26T10.25.24.6087352-LCTW01516-8374-DMT115-TTB134-DMTDUMMY.xml,2026-03-26T09.22.48.2544075-LCTW01516-8374-TFK658-TTB134-MFG7152C19DTFK.xml
AANBD055TEC2,0.0,0.0,8659.643,0.0067,-3.6622,8650.820313,3.6622061288245367,8.82268699999986,2026-04-02T17.39.33.0171905-J427T7V0-8374-DMT101-TTG625-DMTDUMMY.xml,2026-04-02T17.20.12.1373151-J427T7V0-8374-TFK658-TTG625-MFG7152C19DTFK.xml
AANBD055TEC2,18.0,18.0,8651.068,19.3019,19.3019,8641.490234,1.8411646368535322,9.577765999998519,2026-04-02T17.39.33.0171905-J427T7V0-8374-DMT101-TTG625-DMTDUMMY.xml,2026-04-02T17.20.12.1373151-J427T7V0-8374-TFK658-TTG625-MFG7152C19DTFK.xml
AANBD055TEC2,18.0,-21.0,8650.809,19.3019,-19.3019,8640.549805,2.1397399888771536,10.259194999998726,2026-04-02T17.39.33.0171905-J427T7V0-8374-DMT101-TTG625-DMTDUMMY.xml,2026-04-02T17.20.12.1373151-J427T7V0-8374-TFK658-TTG625-MFG7152C19DTFK.xml
AANBD055TEC2,-48.0,-36.0,8645.698,-47.4578,-36.4348,8639.900391,0.6950049496226653,5.797609000001103,2026-04-02T17.39.33.0171905-J427T7V0-8374-DMT101-TTG625-DMTDUMMY.xml,2026-04-02T17.20.12.1373151-J427T7V0-8374-TFK658-TTG625-MFG7152C19DTFK.xml
AANBD055TEC2,-57.0,18.0,8648.218,-57.9062,19.3019,8638.990234,1.5862351811758546,9.227765999999974,2026-04-02T17.39.33.0171905-J427T7V0-8374-DMT101-TTG625-DMTDUMMY.xml,2026-04-02T17.20.12.1373151-J427T7V0-8374-TFK658-TTG625-MFG7152C19DTFK.xml
AANBD055TEC2,-18.0,-57.0,8646.292,-19.3019,-57.9062,8638.740234,1.5862351811758546,7.551765999998679,2026-04-02T17.39.33.0171905-J427T7V0-8374-DMT101-TTG625-DMTDUMMY.xml,2026-04-02T17.20.12.1373151-J427T7V0-8374-TFK658-TTG625-MFG7152C19DTFK.xml
AANBD055TEC2,-18.0,57.0,8650.662,-19.3019,57.9062,8642.200195,1.5862351811758546,8.461805000000822,2026-04-02T17.39.33.0171905-J427T7V0-8374-DMT101-TTG625-DMTDUMMY.xml,2026-04-02T17.20.12.1373151-J427T7V0-8374-TFK658-TTG625-MFG7152C19DTFK.xml
AANBD055TEC2,72.0,-3.0,8631.967,71.2039,-3.6622,8626.379883,1.035511491969062,5.587117000000944,2026-04-02T17.39.33.0171905-J427T7V0-8374-DMT101-TTG625-DMTDUMMY.xml,2026-04-02T17.20.12.1373151-J427T7V0-8374-TFK658-TTG625-MFG7152C19DTFK.xml
AANBD055TEC2,57.0,57.0,8630.708,57.9062,57.9062,8619.830078,1.2815603302224963,10.877921999999671,2026-04-02T17.39.33.0171905-J427T7V0-8374-DMT101-TTG625-DMTDUMMY.xml,2026-04-02T17.20.12.1373151-J427T7V0-8374-TFK658-TTG625-MFG7152C19DTFK.xml
AANBD055TEC2,-72.0,63.0,8620.463,-71.1902,61.8829,8612.679688,1.37974216794298,7.783311999999569,2026-04-02T17.39.33.0171905-J427T7V0-8374-DMT101-TTG625-DMTDUMMY.xml,2026-04-02T17.20.12.1373151-J427T7V0-8374-TFK658-TTG625-MFG7152C19DTFK.xml
AANBD055TEC2,18.0,-96.0,8614.141,19.3019,-96.51,8607.610352,1.398228740228152,6.530647999999928,2026-04-02T17.39.33.0171905-J427T7V0-8374-DMT101-TTG625-DMTDUMMY.xml,2026-04-02T17.20.12.1373151-J427T7V0-8374-TFK658-TTG625-MFG7152C19DTFK.xml
AANBD055TEC2,18.0,96.0,8618.336,19.3019,96.51,8608.879883,1.398228740228152,9.456116999999722,2026-04-02T17.39.33.0171905-J427T7V0-8374-DMT101-TTG625-DMTDUMMY.xml,2026-04-02T17.20.12.1373151-J427T7V0-8374-TFK658-TTG625-MFG7152C19DTFK.xml
AANBD055TEC2,96.0,18.0,8614.255,96.51,19.3019,8605.929688,1.398228740228152,8.32531199999903,2026-04-02T17.39.33.0171905-J427T7V0-8374-DMT101-TTG625-DMTDUMMY.xml,2026-04-02T17.20.12.1373151-J427T7V0-8374-TFK658-TTG625-MFG7152C19DTFK.xml
AANBD055TEC2,72.0,-69.0,8612.899,71.2039,-69.2075,8605.75,0.8226976722952309,7.1489999999994325,2026-04-02T17.39.33.0171905-J427T7V0-8374-DMT101-TTG625-DMTDUMMY.xml,2026-04-02T17.20.12.1373151-J427T7V0-8374-TFK658-TTG625-MFG7152C19DTFK.xml
AANBD055TEC2,-96.0,-57.0,8602.102,-96.51,-57.9062,8594.589844,1.0398550091238692,7.512156000000687,2026-04-02T17.39.33.0171905-J427T7V0-8374-DMT101-TTG625-DMTDUMMY.xml,2026-04-02T17.20.12.1373151-J427T7V0-8374-TFK658-TTG625-MFG7152C19DTFK.xml
AANBD055TEC2,-57.0,-96.0,8601.523,-57.9062,-96.51,8592.419922,1.0398550091238692,9.103078000000096,2026-04-02T17.39.33.0171905-J427T7V0-8374-DMT101-TTG625-DMTDUMMY.xml,2026-04-02T17.20.12.1373151-J427T7V0-8374-TFK658-TTG625-MFG7152C19DTFK.xml
AANBD055TEC2,-57.0,96.0,8610.498,-57.9062,96.51,8598.769531,1.0398550091238692,11.728468999999677,2026-04-02T17.39.33.0171905-J427T7V0-8374-DMT101-TTG625-DMTDUMMY.xml,2026-04-02T17.20.12.1373151-J427T7V0-8374-TFK658-TTG625-MFG7152C19DTFK.xml
AANBD055TEC2,96.0,63.0,8604.455,94.9361,61.8829,8597.860352,1.5426586206935122,6.594648000000234,2026-04-02T17.39.33.0171905-J427T7V0-8374-DMT101-TTG625-DMTDUMMY.xml,2026-04-02T17.20.12.1373151-J427T7V0-8374-TFK658-TTG625-MFG7152C19DTFK.xml
AANBD055TEC2,-120.0,-3.0,8593.602,-118.655,-3.6622,8588.5,1.4991777212859043,5.102000000000771,2026-04-02T17.39.33.0171905-J427T7V0-8374-DMT101-TTG625-DMTDUMMY.xml,2026-04-02T17.20.12.1373151-J427T7V0-8374-TFK658-TTG625-MFG7152C19DTFK.xml
AANBD055TEC2,0.0,126.0,8601.306,0.0067,127.428,8592.129883,1.4280157177006112,9.176117000000886,2026-04-02T17.39.33.0171905-J427T7V0-8374-DMT101-TTG625-DMTDUMMY.xml,2026-04-02T17.20.12.1373151-J427T7V0-8374-TFK658-TTG625-MFG7152C19DTFK.xml
AANBD055TEC2,0.0,-135.0,8595.112,0.0067,-134.7529999,8587.549805,0.24709095369926845,7.56219499999861,2026-04-02T17.39.33.0171905-J427T7V0-8374-DMT101-TTG625-DMTDUMMY.xml,2026-04-02T17.20.12.1373151-J427T7V0-8374-TFK658-TTG625-MFG7152C19DTFK.xml
AANBD055TEC2,-96.0,96.0,8598.539,-96.51,96.51,8589.929688,0.7212489168102857,8.6093120000005,2026-04-02T17.39.33.0171905-J427T7V0-8374-DMT101-TTG625-DMTDUMMY.xml,2026-04-02T17.20.12.1373151-J427T7V0-8374-TFK658-TTG625-MFG7152C19DTFK.xml
AANBD055TEC2,96.0,-96.0,8597.865,96.51,-96.51,8587.709961,0.7212489168102857,10.155038999999306,2026-04-02T17.39.33.0171905-J427T7V0-8374-DMT101-TTG625-DMTDUMMY.xml,2026-04-02T17.20.12.1373151-J427T7V0-8374-TFK658-TTG625-MFG7152C19DTFK.xml
AANBD055TEC2,135.0,18.0,8598.364,136.2,19.3019,8587.919922,1.7705771968485227,10.444078000000445,2026-04-02T17.39.33.0171905-J427T7V0-8374-DMT101-TTG625-DMTDUMMY.xml,2026-04-02T17.20.12.1373151-J427T7V0-8374-TFK658-TTG625-MFG7152C19DTFK.xml
AANBD055TEC2,72.0,126.0,8606.915,71.2039,127.428,8599.919922,1.6349187166339447,6.99507800000174,2026-04-02T17.39.33.0171905-J427T7V0-8374-DMT101-TTG625-DMTDUMMY.xml,2026-04-02T17.20.12.1373151-J427T7V0-8374-TFK658-TTG625-MFG7152C19DTFK.xml
AANBD055TEC2,141.0,-36.0,8603.374,142.401,-36.4348,8609.160156,1.466919234313884,-5.786156000000119,2026-04-02T17.39.33.0171905-J427T7V0-8374-DMT101-TTG625-DMTDUMMY.xml,2026-04-02T17.20.12.1373151-J427T7V0-8374-TFK658-TTG625-MFG7152C19DTFK.xml
AANBD055TEC2,-135.0,-57.0,8619.234,-136.2,-57.9062,8648.089844,1.503728180224062,-28.855843999999706,2026-04-02T17.39.33.0171905-J427T7V0-8374-DMT101-TTG625-DMTDUMMY.xml,2026-04-02T17.20.12.1373151-J427T7V0-8374-TFK658-TTG625-MFG7152C19DTFK.xml
AANBD055TEC2,-135.0,57.0,8622.265,-136.2,57.9062,8647.629883,1.503728180224062,-25.36488300000019,2026-04-02T17.39.33.0171905-J427T7V0-8374-DMT101-TTG625-DMTDUMMY.xml,2026-04-02T17.20.12.1373151-J427T7V0-8374-TFK658-TTG625-MFG7152C19DTFK.xml
AANBD055TEC2,-57.0,-135.0,8626.074,-57.9062,-136.2,8661.240234,1.503728180224062,-35.16623400000026,2026-04-02T17.39.33.0171905-J427T7V0-8374-DMT101-TTG625-DMTDUMMY.xml,2026-04-02T17.20.12.1373151-J427T7V0-8374-TFK658-TTG625-MFG7152C19DTFK.xml
AANBD055TEC2,-57.0,135.0,8629.191,-57.9062,136.2,8655.070313,1.503728180224062,-25.879312999999456,2026-04-02T17.39.33.0171905-J427T7V0-8374-DMT101-TTG625-DMTDUMMY.xml,2026-04-02T17.20.12.1373151-J427T7V0-8374-TFK658-TTG625-MFG7152C19DTFK.xml
AANBD055TEC2,57.0,-135.0,8633.949,57.9062,-136.2,8668.129883,1.503728180224062,-34.180882999999085,2026-04-02T17.39.33.0171905-J427T7V0-8374-DMT101-TTG625-DMTDUMMY.xml,2026-04-02T17.20.12.1373151-J427T7V0-8374-TFK658-TTG625-MFG7152C19DTFK.xml
AANBD078TEB7,0.0,0.0,8648.482,0.0067,-3.6622,8638.299805,3.6622061288245367,10.18219499999941,2026-04-02T17.39.33.0171905-J427T7V0-8374-DMT101-TTG625-DMTDUMMY.xml,2026-04-02T17.20.12.1373151-J427T7V0-8374-TFK658-TTG625-MFG7152C19DTFK.xml
AANBD078TEB7,18.0,18.0,8638.661,19.3019,19.3019,8630.69043,1.8411646368535322,7.970569999999498,2026-04-02T17.39.33.0171905-J427T7V0-8374-DMT101-TTG625-DMTDUMMY.xml,2026-04-02T17.20.12.1373151-J427T7V0-8374-TFK658-TTG625-MFG7152C19DTFK.xml
AANBD078TEB7,18.0,-21.0,8635.552,19.3019,-19.3019,8629.410156,2.1397399888771536,6.1418439999997645,2026-04-02T17.39.33.0171905-J427T7V0-8374-DMT101-TTG625-DMTDUMMY.xml,2026-04-02T17.20.12.1373151-J427T7V0-8374-TFK658-TTG625-MFG7152C19DTFK.xml
AANBD078TEB7,-48.0,-36.0,8639.622,-47.4578,-36.4348,8633.980469,0.6950049496226653,5.641530999999304,2026-04-02T17.39.33.0171905-J427T7V0-8374-DMT101-TTG625-DMTDUMMY.xml,2026-04-02T17.20.12.1373151-J427T7V0-8374-TFK658-TTG625-MFG7152C19DTFK.xml
AANBD078TEB7,-57.0,18.0,8640.553,-57.9062,19.3019,8634.919922,1.5862351811758546,5.633078000000751,2026-04-02T17.39.33.0171905-J427T7V0-8374-DMT101-TTG625-DMTDUMMY.xml,2026-04-02T17.20.12.1373151-J427T7V0-8374-TFK658-TTG625-MFG7152C19DTFK.xml
AANBD078TEB7,-18.0,-57.0,8638.666,-19.3019,-57.9062,8630.150391,1.5862351811758546,8.51560900000004,2026-04-02T17.39.33.0171905-J427T7V0-8374-DMT101-TTG625-DMTDUMMY.xml,2026-04-02T17.20.12.1373151-J427T7V0-8374-TFK658-TTG625-MFG7152C19DTFK.xml
AANBD078TEB7,-18.0,57.0,8639.643,-19.3019,57.9062,8632.799805,1.5862351811758546,6.843194999999469,2026-04-02T17.39.33.0171905-J427T7V0-8374-DMT101-TTG625-DMTDUMMY.xml,2026-04-02T17.20.12.1373151-J427T7V0-8374-TFK658-TTG625-MFG7152C19DTFK.xml
AANBD078TEB7,72.0,-3.0,8626.873,71.2039,-3.6622,8619.089844,1.035511491969062,7.783155999999508,2026-04-02T17.39.33.0171905-J427T7V0-8374-DMT101-TTG625-DMTDUMMY.xml,2026-04-02T17.20.12.1373151-J427T7V0-8374-TFK658-TTG625-MFG7152C19DTFK.xml
AANBD078TEB7,57.0,57.0,8623.369,57.9062,57.9062,8616.110352,1.2815603302224963,7.258648000000903,2026-04-02T17.39.33.0171905-J427T7V0-8374-DMT101-TTG625-DMTDUMMY.xml,2026-04-02T17.20.12.1373151-J427T7V0-8374-TFK658-TTG625-MFG7152C19DTFK.xml
AANBD078TEB7,-72.0,63.0,8617.91,-71.1902,61.8829,8610.849609,1.37974216794298,7.060390999999072,2026-04-02T17.39.33.0171905-J427T7V0-8374-DMT101-TTG625-DMTDUMMY.xml,2026-04-02T17.20.12.1373151-J427T7V0-8374-TFK658-TTG625-MFG7152C19DTFK.xml
AANBD078TEB7,18.0,-96.0,8614.186,19.3019,-96.51,8600.650391,1.398228740228152,13.535609000000477,2026-04-02T17.39.33.0171905-J427T7V0-8374-DMT101-TTG625-DMTDUMMY.xml,2026-04-02T17.20.12.1373151-J427T7V0-8374-TFK658-TTG625-MFG7152C19DTFK.xml
AANBD078TEB7,18.0,96.0,8616.067,19.3019,96.51,8607.410156,1.398228740228152,8.656843999999182,2026-04-02T17.39.33.0171905-J427T7V0-8374-DMT101-TTG625-DMTDUMMY.xml,2026-04-02T17.20.12.1373151-J427T7V0-8374-TFK658-TTG625-MFG7152C19DTFK.xml
AANBD078TEB7,96.0,18.0,8613.217,96.51,19.3019,8604.339844,1.398228740228152,8.877156000000468,2026-04-02T17.39.33.0171905-J427T7V0-8374-DMT101-TTG625-DMTDUMMY.xml,2026-04-02T17.20.12.1373151-J427T7V0-8374-TFK658-TTG625-MFG7152C19DTFK.xml
AANBD078TEB7,72.0,-69.0,8612.848,71.2039,-69.2075,8606.030273,0.8226976722952309,6.81772699999965,2026-04-02T17.39.33.0171905-J427T7V0-8374-DMT101-TTG625-DMTDUMMY.xml,2026-04-02T17.20.12.1373151-J427T7V0-8374-TFK658-TTG625-MFG7152C19DTFK.xml
AANBD078TEB7,-96.0,-57.0,8604.538,-96.51,-57.9062,8592.669922,1.0398550091238692,11.868078000001333,2026-04-02T17.39.33.0171905-J427T7V0-8374-DMT101-TTG625-DMTDUMMY.xml,2026-04-02T17.20.12.1373151-J427T7V0-8374-TFK658-TTG625-MFG7152C19DTFK.xml
AANBD078TEB7,-57.0,-96.0,8601.41,-57.9062,-96.51,8592.509766,1.0398550091238692,8.900234000000637,2026-04-02T17.39.33.0171905-J427T7V0-8374-DMT101-TTG625-DMTDUMMY.xml,2026-04-02T17.20.12.1373151-J427T7V0-8374-TFK658-TTG625-MFG7152C19DTFK.xml
AANBD078TEB7,-57.0,96.0,8606.466,-57.9062,96.51,8594.709961,1.0398550091238692,11.756038999999873,2026-04-02T17.39.33.0171905-J427T7V0-8374-DMT101-TTG625-DMTDUMMY.xml,2026-04-02T17.20.12.1373151-J427T7V0-8374-TFK658-TTG625-MFG7152C19DTFK.xml
AANBD078TEB7,96.0,63.0,8600.528,94.9361,61.8829,8592.480469,1.5426586206935122,8.047531000000163,2026-04-02T17.39.33.0171905-J427T7V0-8374-DMT101-TTG625-DMTDUMMY.xml,2026-04-02T17.20.12.1373151-J427T7V0-8374-TFK658-TTG625-MFG7152C19DTFK.xml
AANBD078TEB7,-120.0,-3.0,8593.916,-118.655,-3.6622,8586.799805,1.4991777212859043,7.116194999998697,2026-04-02T17.39.33.0171905-J427T7V0-8374-DMT101-TTG625-DMTDUMMY.xml,2026-04-02T17.20.12.1373151-J427T7V0-8374-TFK658-TTG625-MFG7152C19DTFK.xml
AANBD078TEB7,0.0,126.0,8593.942,0.0067,127.428,8585.589844,1.4280157177006112,8.352155999999013,2026-04-02T17.39.33.0171905-J427T7V0-8374-DMT101-TTG625-DMTDUMMY.xml,2026-04-02T17.20.12.1373151-J427T7V0-8374-TFK658-TTG625-MFG7152C19DTFK.xml
AANBD078TEB7,0.0,-135.0,8588.624,0.0067,-134.7529999,8577.950195,0.24709095369926845,10.673805000000357,2026-04-02T17.39.33.0171905-J427T7V0-8374-DMT101-TTG625-DMTDUMMY.xml,2026-04-02T17.20.12.1373151-J427T7V0-8374-TFK658-TTG625-MFG7152C19DTFK.xml
AANBD078TEB7,-96.0,96.0,8590.244,-96.51,96.51,8581.30957,0.7212489168102857,8.934430000001157,2026-04-02T17.39.33.0171905-J427T7V0-8374-DMT101-TTG625-DMTDUMMY.xml,2026-04-02T17.20.12.1373151-J427T7V0-8374-TFK658-TTG625-MFG7152C19DTFK.xml
AANBD078TEB7,96.0,-96.0,8587.464,96.51,-96.51,8579.570313,0.7212489168102857,7.8936869999997725,2026-04-02T17.39.33.0171905-J427T7V0-8374-DMT101-TTG625-DMTDUMMY.xml,2026-04-02T17.20.12.1373151-J427T7V0-8374-TFK658-TTG625-MFG7152C19DTFK.xml
AANBD078TEB7,135.0,18.0,8589.963,136.2,19.3019,8579.839844,1.7705771968485227,10.123155999999653,2026-04-02T17.39.33.0171905-J427T7V0-8374-DMT101-TTG625-DMTDUMMY.xml,2026-04-02T17.20.12.1373151-J427T7V0-8374-TFK658-TTG625-MFG7152C19DTFK.xml
AANBD078TEB7,72.0,126.0,8597.231,71.2039,127.428,8592.519531,1.6349187166339447,4.711468999999852,2026-04-02T17.39.33.0171905-J427T7V0-8374-DMT101-TTG625-DMTDUMMY.xml,2026-04-02T17.20.12.1373151-J427T7V0-8374-TFK658-TTG625-MFG7152C19DTFK.xml
AANBD078TEB7,141.0,-36.0,8589.425,142.401,-36.4348,8594.610352,1.466919234313884,-5.185352000000421,2026-04-02T17.39.33.0171905-J427T7V0-8374-DMT101-TTG625-DMTDUMMY.xml,2026-04-02T17.20.12.1373151-J427T7V0-8374-TFK658-TTG625-MFG7152C19DTFK.xml
AANBD078TEB7,-135.0,-57.0,8607.028,-136.2,-57.9062,8624.360352,1.503728180224062,-17.332351999999446,2026-04-02T17.39.33.0171905-J427T7V0-8374-DMT101-TTG625-DMTDUMMY.xml,2026-04-02T17.20.12.1373151-J427T7V0-8374-TFK658-TTG625-MFG7152C19DTFK.xml
AANBD078TEB7,-135.0,57.0,8608.92,-136.2,57.9062,8636.669922,1.503728180224062,-27.74992199999906,2026-04-02T17.39.33.0171905-J427T7V0-8374-DMT101-TTG625-DMTDUMMY.xml,2026-04-02T17.20.12.1373151-J427T7V0-8374-TFK658-TTG625-MFG7152C19DTFK.xml
AANBD078TEB7,-57.0,-135.0,8612.477,-57.9062,-136.2,8634.830078,1.503728180224062,-22.353078000000096,2026-04-02T17.39.33.0171905-J427T7V0-8374-DMT101-TTG625-DMTDUMMY.xml,2026-04-02T17.20.12.1373151-J427T7V0-8374-TFK658-TTG625-MFG7152C19DTFK.xml
AANBD078TEB7,-57.0,135.0,8620.666,-57.9062,136.2,8657.830078,1.503728180224062,-37.16407800000161,2026-04-02T17.39.33.0171905-J427T7V0-8374-DMT101-TTG625-DMTDUMMY.xml,2026-04-02T17.20.12.1373151-J427T7V0-8374-TFK658-TTG625-MFG7152C19DTFK.xml
AANBD078TEB7,57.0,-135.0,8612.248,57.9062,-136.2,8640.599609,1.503728180224062,-28.35160900000119,2026-04-02T17.39.33.0171905-J427T7V0-8374-DMT101-TTG625-DMTDUMMY.xml,2026-04-02T17.20.12.1373151-J427T7V0-8374-TFK658-TTG625-MFG7152C19DTFK.xml
